Ano,Código da Grande Região,Nome da Grande Região,Código da Unidade da Federação,Sigla da Unidade da Federação,Nome da Unidade da Federação,Código do Município,Nome do Município,Região Metropolitana,Código da Mesorregião,Nome da Mesorregião,Código da Microrregião,Nome da Microrregião,Código da Região Geográfica Imediata,Nome da Região Geográfica Imediata,Município da Região Geográfica Imediata,Código da Região Geográfica Intermediária,Nome da Região Geográfica Intermediária,Município da Região Geográfica Intermediária,Código Concentração Urbana,Nome Concentração Urbana,Tipo Concentração Urbana,Código Arranjo Populacional,Nome Arranjo Populacional,Hierarquia Urbana,Hierarquia Urbana (principais categorias),Código da Região Rural,Nome da Região Rural,Região rural (segundo classificação do núcleo),Amazônia Legal,Semiárido,Cidade-Região de São Paulo,"Valor adicionado bruto da Agropecuária,  a preços correntes (R$ 1.000)","Valor adicionado bruto da Indústria, a preços correntes (R$ 1.000)","Valor adicionado bruto dos Serviços, a preços correntes  - exceto Administração, defesa, educação e saúde públicas e seguridade social (R$ 1.000)","Valor adicionado bruto da Administração, defesa, educação e saúde públicas e seguridade social,  a preços correntes (R$ 1.000)","Valor adicionado bruto total,  a preços correntes (R$ 1.000)","Impostos, líquidos de subsídios, sobre produtos,  a preços correntes (R$ 1.000)","Produto Interno Bruto,  a preços correntes (R$ 1.000)","Produto Interno Bruto per capita,  a preços correntes (R$ 1,00)",Atividade com maior valor adicionado bruto,Atividade com segundo maior valor adicionado bruto,Atividade com terceiro maior valor adicionado bruto
2010,5,Centro-oeste,51,MT,Mato Grosso,5102504,Cáceres,,5104,Centro-Sul Mato-grossense,51018,Alto Pantanal,510004,Cáceres,Polo,5102,Cáceres,Polo,,,,,,Centro Sub-Regional B,Centro Sub-Regional,5104,Região Rural do Centro Sub-regional de Cáceres,Região Rural de Centro Sub-regional,Sim,Não,Não, 80.795 , 87.476 , 392.552 , 243.130 , 803.952 , 92.039 , 895.992 ," 10.191,91 ",Demais serviços,"Administração, defesa, educação e saúde públicas e seguridade social",Comércio e reparação de veículos automotores e motocicletas
2011,5,Centro-oeste,51,MT,Mato Grosso,5102504,Cáceres,,5104,Centro-Sul Mato-grossense,51018,Alto Pantanal,510004,Cáceres,Polo,5102,Cáceres,Polo,,,,,,Centro Sub-Regional B,Centro Sub-Regional,5104,Região Rural do Centro Sub-regional de Cáceres,Região Rural de Centro Sub-regional,Sim,Não,Não, 108.733 , 62.129 , 471.103 , 268.188 , 910.152 , 104.541 , 1.014.693 ," 11.474,79 ",Demais serviços,"Administração, defesa, educação e saúde públicas e seguridade social",Comércio e reparação de veículos automotores e motocicletas
2012,5,Centro-oeste,51,MT,Mato Grosso,5102504,Cáceres,,5104,Centro-Sul Mato-grossense,51018,Alto Pantanal,510004,Cáceres,Polo,5102,Cáceres,Polo,,,,,,Centro Sub-Regional B,Centro Sub-Regional,5104,Região Rural do Centro Sub-regional de Cáceres,Região Rural de Centro Sub-regional,Sim,Não,Não, 105.230 , 103.541 , 498.303 , 295.000 , 1.002.074 , 114.156 , 1.116.230 ," 12.556,44 ",Demais serviços,"Administração, defesa, educação e saúde públicas e seguridade social",Comércio e reparação de veículos automotores e motocicletas
2013,5,Centro-oeste,51,MT,Mato Grosso,5102504,Cáceres,,5104,Centro-Sul Mato-grossense,51018,Alto Pantanal,510004,Cáceres,Polo,5102,Cáceres,Polo,,,,,,Centro Sub-Regional B,Centro Sub-Regional,5104,Região Rural do Centro Sub-regional de Cáceres,Região Rural de Centro Sub-regional,Sim,Não,Não, 112.000 , 95.885 , 530.638 , 329.358 , 1.067.881 , 128.899 , 1.196.781 ," 13.344,56 ",Demais serviços,"Administração, defesa, educação e saúde públicas e seguridade social",Comércio e reparação de veículos automotores e motocicletas
2014,5,Centro-oeste,51,MT,Mato Grosso,5102504,Cáceres,,5104,Centro-Sul Mato-grossense,51018,Alto Pantanal,510004,Cáceres,Polo,5102,Cáceres,Polo,,,,,,Centro Sub-Regional B,Centro Sub-Regional,5104,Região Rural do Centro Sub-regional de Cáceres,Região Rural de Centro Sub-regional,Sim,Não,Não, 132.433 , 125.347 , 667.579 , 365.111 , 1.290.470 , 129.940 , 1.420.410 ," 15.763,76 ",Demais serviços,"Administração, defesa, educação e saúde públicas e seguridade social",Comércio e reparação de veículos automotores e motocicletas
2015,5,Centro-oeste,51,MT,Mato Grosso,5102504,Cáceres,,5104,Centro-Sul Mato-grossense,51018,Alto Pantanal,510004,Cáceres,Polo,5102,Cáceres,Polo,,,,,,Centro Sub-Regional B,Centro Sub-Regional,5104,Região Rural do Centro Sub-regional de Cáceres,Região Rural de Centro Sub-regional,Sim,Não,Não, 136.488 , 123.406 , 756.539 , 412.121 , 1.428.553 , 125.629 , 1.554.182 ," 17.169,87 ",Demais serviços,"Administração, defesa, educação e saúde públicas e seguridade social",Comércio e reparação de veículos automotores e motocicletas
2016,5,Centro-oeste,51,MT,Mato Grosso,5102504,Cáceres,,5104,Centro-Sul Mato-grossense,51018,Alto Pantanal,510004,Cáceres,Polo,5102,Cáceres,Polo,,,,,,Centro Sub-Regional B,Centro Sub-Regional,5104,Região Rural do Centro Sub-regional de Cáceres,Região Rural de Centro Sub-regional,Sim,Não,Não, 155.396 , 101.772 , 820.470 , 470.068 , 1.547.707 , 167.284 , 1.714.991 ," 18.870,73 ",Demais serviços,"Administração, defesa, educação e saúde públicas e seguridade social",Comércio e reparação de veículos automotores e motocicletas
2017,5,Centro-oeste,51,MT,Mato Grosso,5102504,Cáceres,,5104,Centro-Sul Mato-grossense,51018,Alto Pantanal,510004,Cáceres,Polo,5102,Cáceres,Polo,,,,,,Centro Sub-Regional B,Centro Sub-Regional,5104,Região Rural do Centro Sub-regional de Cáceres,Região Rural de Centro Sub-regional,Sim,Não,Não, 136.775 , 125.820 , 854.785 , 500.282 , 1.617.662 , 198.679 , 1.816.340 ," 19.900,52 ",Demais serviços,"Administração, defesa, educação e saúde públicas e seguridade social",Comércio e reparação de veículos automotores e motocicletas
2018,5,Centro-oeste,51,MT,Mato Grosso,5102504,Cáceres,,5104,Centro-Sul Mato-grossense,51018,Alto Pantanal,510004,Cáceres,Polo,5102,Cáceres,Polo,,,,,,Centro Sub-Regional B,Centro Sub-Regional,5104,Região Rural do Centro Sub-regional de Cáceres,Região Rural de Centro Sub-regional,Sim,Não,Não, 139.231 , 150.981 , 868.144 , 532.714 , 1.691.070 , 196.398 , 1.887.468 ," 20.104,68 ",Demais serviços,"Administração, defesa, educação e saúde públicas e seguridade social",Comércio e reparação de veículos automotores e motocicletas
2019,5,Centro-oeste,51,MT,Mato Grosso,5102504,Cáceres,,5104,Centro-Sul Mato-grossense,51018,Alto Pantanal,510004,Cáceres,Polo,5102,Cáceres,Polo,,,,,,Centro Sub-Regional B,Centro Sub-Regional,5104,Região Rural do Centro Sub-regional de Cáceres,Região Rural de Centro Sub-regional,Sim,Não,Não, 129.601 , 158.235 , 883.864 , 546.099 , 1.717.798 , 194.241 , 1.912.039 ," 20.259,81 ",Demais serviços,"Administração, defesa, educação e saúde públicas e seguridade social",Comércio e reparação de veículos automotores e motocicletas
2020,5,Centro-oeste,51,MT,Mato Grosso,5102504,Cáceres,,5104,Centro-Sul Mato-grossense,51018,Alto Pantanal,510004,Cáceres,Polo,5102,Cáceres,Polo,,,,,,Centro Sub-Regional B,Centro Sub-Regional,5104,Região Rural do Centro Sub-regional de Cáceres,Região Rural de Centro Sub-regional,Sim,Não,Não, 175.142 , 197.849 , 863.670 , 577.047 , 1.813.709 , 229.802 , 2.043.511 ," 21.542,16 ","Administração, defesa, educação e saúde públicas e seguridade social",Demais serviços,Comércio e reparação de veículos automotores e motocicletas
2021,5,Centro-oeste,51,MT,Mato Grosso,5102504,Cáceres,,5104,Centro-Sul Mato-grossense,51018,Alto Pantanal,510004,Cáceres,Polo,5102,Cáceres,Polo,,,,,,Centro Sub-Regional B,Centro Sub-Regional,5104,Região Rural do Centro Sub-regional de Cáceres,Região Rural de Centro Sub-regional,Sim,Não,Não, 284.352 , 196.615 , 914.198 , 621.667 , 2.016.832 , 247.841 , 2.264.674 ," 23.753,91 ","Administração, defesa, educação e saúde públicas e seguridade social",Demais serviços,Comércio e reparação de veículos automotores e motocicletas
2010,5,Centro-oeste,50,MS,Mato Grosso do Sul,5007935,Sonora,,5002,Centro Norte de Mato Grosso do Sul,50003,Alto Taquari,500004,Coxim,do Entorno,5001,Campo Grande,do Entorno,,,,,,Centro Local,Centro Local,5102,Região Rural do Centro Sub-regional de Rondonópolis,Região Rural de Centro Sub-regional,Não,Não,Não, 97.091 , 60.489 , 78.033 , 50.106 , 285.719 , 28.529 , 314.248 ," 21.137,31 ","Agricultura, inclusive apoio à agricultura e a pós colheita",Demais serviços,"Administração, defesa, educação e saúde públicas e seguridade social"
2011,5,Centro-oeste,50,MS,Mato Grosso do Sul,5007935,Sonora,,5002,Centro Norte de Mato Grosso do Sul,50003,Alto Taquari,500004,Coxim,do Entorno,5001,Campo Grande,do Entorno,,,,,,Centro Local,Centro Local,5102,Região Rural do Centro Sub-regional de Rondonópolis,Região Rural de Centro Sub-regional,Não,Não,Não, 123.273 , 41.677 , 92.726 , 56.972 , 314.648 , 34.560 , 349.208 ," 22.913,89 ","Agricultura, inclusive apoio à agricultura e a pós colheita",Demais serviços,"Administração, defesa, educação e saúde públicas e seguridade social"
2012,5,Centro-oeste,50,MS,Mato Grosso do Sul,5007935,Sonora,,5002,Centro Norte de Mato Grosso do Sul,50003,Alto Taquari,500004,Coxim,do Entorno,5001,Campo Grande,do Entorno,,,,,,Centro Local,Centro Local,5102,Região Rural do Centro Sub-regional de Rondonópolis,Região Rural de Centro Sub-regional,Não,Não,Não, 200.684 , 53.165 , 121.398 , 64.558 , 439.805 , 41.228 , 481.033 ," 30.772,34 ","Agricultura, inclusive apoio à agricultura e a pós colheita",Demais serviços,"Administração, defesa, educação e saúde públicas e seguridade social"
2013,5,Centro-oeste,50,MS,Mato Grosso do Sul,5007935,Sonora,,5002,Centro Norte de Mato Grosso do Sul,50003,Alto Taquari,500004,Coxim,do Entorno,5001,Campo Grande,do Entorno,,,,,,Centro Local,Centro Local,5102,Região Rural do Centro Sub-regional de Rondonópolis,Região Rural de Centro Sub-regional,Não,Não,Não, 214.907 , 87.225 , 135.692 , 75.609 , 513.432 , 47.799 , 561.231 ," 33.925,58 ","Agricultura, inclusive apoio à agricultura e a pós colheita",Demais serviços,"Administração, defesa, educação e saúde públicas e seguridade social"
2014,5,Centro-oeste,50,MS,Mato Grosso do Sul,5007935,Sonora,,5002,Centro Norte de Mato Grosso do Sul,50003,Alto Taquari,500004,Coxim,do Entorno,5001,Campo Grande,do Entorno,,,,,,Centro Local,Centro Local,5102,Região Rural do Centro Sub-regional de Rondonópolis,Região Rural de Centro Sub-regional,Não,Não,Não, 194.532 , 52.538 , 142.777 , 82.049 , 471.896 , 44.477 , 516.373 ," 30.340,98 ","Agricultura, inclusive apoio à agricultura e a pós colheita",Demais serviços,"Administração, defesa, educação e saúde públicas e seguridade social"
2015,5,Centro-oeste,50,MS,Mato Grosso do Sul,5007935,Sonora,,5002,Centro Norte de Mato Grosso do Sul,50003,Alto Taquari,500004,Coxim,do Entorno,5001,Campo Grande,do Entorno,,,,,,Centro Local,Centro Local,5102,Região Rural do Centro Sub-regional de Rondonópolis,Região Rural de Centro Sub-regional,Não,Não,Não, 217.653 , 80.063 , 156.731 , 86.833 , 541.281 , 48.432 , 589.712 ," 33.730,60 ","Agricultura, inclusive apoio à agricultura e a pós colheita",Demais serviços,"Administração, defesa, educação e saúde públicas e seguridade social"
2016,5,Centro-oeste,50,MS,Mato Grosso do Sul,5007935,Sonora,,5002,Centro Norte de Mato Grosso do Sul,50003,Alto Taquari,500004,Coxim,do Entorno,5001,Campo Grande,do Entorno,,,,,,Centro Local,Centro Local,5102,Região Rural do Centro Sub-regional de Rondonópolis,Região Rural de Centro Sub-regional,Não,Não,Não, 207.386 , 88.228 , 171.708 , 99.858 , 567.180 , 53.111 , 620.291 ," 34.573,94 ","Agricultura, inclusive apoio à agricultura e a pós colheita",Demais serviços,"Administração, defesa, educação e saúde públicas e seguridade social"
2017,5,Centro-oeste,50,MS,Mato Grosso do Sul,5007935,Sonora,,5002,Centro Norte de Mato Grosso do Sul,50003,Alto Taquari,500004,Coxim,do Entorno,5001,Campo Grande,do Entorno,,,,,,Centro Local,Centro Local,5102,Região Rural do Centro Sub-regional de Rondonópolis,Região Rural de Centro Sub-regional,Não,Não,Não, 217.427 , 121.283 , 149.761 , 111.744 , 600.214 , 48.420 , 648.634 ," 35.265,27 ","Agricultura, inclusive apoio à agricultura e a pós colheita","Administração, defesa, educação e saúde públicas e seguridade social",Demais serviços
2018,5,Centro-oeste,50,MS,Mato Grosso do Sul,5007935,Sonora,,5002,Centro Norte de Mato Grosso do Sul,50003,Alto Taquari,500004,Coxim,do Entorno,5001,Campo Grande,do Entorno,,,,,,Centro Local,Centro Local,5102,Região Rural do Centro Sub-regional de Rondonópolis,Região Rural de Centro Sub-regional,Não,Não,Não, 255.771 , 118.978 , 168.054 , 120.263 , 663.065 , 51.269 , 714.334 ," 37.940,00 ","Agricultura, inclusive apoio à agricultura e a pós colheita",Demais serviços,"Administração, defesa, educação e saúde públicas e seguridade social"
2019,5,Centro-oeste,50,MS,Mato Grosso do Sul,5007935,Sonora,,5002,Centro Norte de Mato Grosso do Sul,50003,Alto Taquari,500004,Coxim,do Entorno,5001,Campo Grande,do Entorno,,,,,,Centro Local,Centro Local,5102,Região Rural do Centro Sub-regional de Rondonópolis,Região Rural de Centro Sub-regional,Não,Não,Não, 257.182 , 143.320 , 170.522 , 130.160 , 701.184 , 63.255 , 764.439 ," 39.661,66 ","Agricultura, inclusive apoio à agricultura e a pós colheita","Administração, defesa, educação e saúde públicas e seguridade social",Demais serviços
2020,5,Centro-oeste,50,MS,Mato Grosso do Sul,5007935,Sonora,,5002,Centro Norte de Mato Grosso do Sul,50003,Alto Taquari,500004,Coxim,do Entorno,5001,Campo Grande,do Entorno,,,,,,Centro Local,Centro Local,5102,Região Rural do Centro Sub-regional de Rondonópolis,Região Rural de Centro Sub-regional,Não,Não,Não, 384.882 , 138.977 , 168.580 , 131.980 , 824.419 , 58.287 , 882.706 ," 44.759,72 ","Agricultura, inclusive apoio à agricultura e a pós colheita","Administração, defesa, educação e saúde públicas e seguridade social",Demais serviços
2021,5,Centro-oeste,50,MS,Mato Grosso do Sul,5007935,Sonora,,5002,Centro Norte de Mato Grosso do Sul,50003,Alto Taquari,500004,Coxim,do Entorno,5001,Campo Grande,do Entorno,,,,,,Centro Local,Centro Local,5102,Região Rural do Centro Sub-regional de Rondonópolis,Região Rural de Centro Sub-regional,Não,Não,Não, 345.329 , 144.644 , 186.578 , 136.026 , 812.577 , 68.480 , 881.057 ," 43.707,56 ","Agricultura, inclusive apoio à agricultura e a pós colheita","Administração, defesa, educação e saúde públicas e seguridade social",Demais serviços
2010,5,Centro-oeste,51,MT,Mato Grosso,5107602,Rondonópolis,,5105,Sudeste Mato-grossense,51021,Rondonópolis,510016,Rondonópolis,Polo,5105,Rondonópolis,Polo,5107602,Rondonópolis,Média concentração urbana,,,Capital Regional C,Capital Regional,5102,Região Rural do Centro Sub-regional de Rondonópolis,Região Rural de Centro Sub-regional,Sim,Não,Não, 98.446 , 1.407.885 , 2.113.746 , 577.015 , 4.197.092 , 629.041 , 4.826.132 ," 24.679,79 ",Demais serviços,Indústrias de transformação,Comércio e reparação de veículos automotores e motocicletas
2011,5,Centro-oeste,51,MT,Mato Grosso,5107602,Rondonópolis,,5105,Sudeste Mato-grossense,51021,Rondonópolis,510016,Rondonópolis,Polo,5105,Rondonópolis,Polo,5107602,Rondonópolis,Média concentração urbana,,,Capital Regional C,Capital Regional,5102,Região Rural do Centro Sub-regional de Rondonópolis,Região Rural de Centro Sub-regional,Sim,Não,Não, 144.482 , 1.642.252 , 2.407.950 , 636.036 , 4.830.720 , 679.739 , 5.510.459 ," 27.697,71 ",Demais serviços,Indústrias de transformação,Comércio e reparação de veículos automotores e motocicletas
2012,5,Centro-oeste,51,MT,Mato Grosso,5107602,Rondonópolis,,5105,Sudeste Mato-grossense,51021,Rondonópolis,510016,Rondonópolis,Polo,5105,Rondonópolis,Polo,5107602,Rondonópolis,Média concentração urbana,,,Capital Regional C,Capital Regional,5102,Região Rural do Centro Sub-regional de Rondonópolis,Região Rural de Centro Sub-regional,Sim,Não,Não, 186.639 , 1.287.013 , 2.555.767 , 708.269 , 4.737.688 , 788.613 , 5.526.301 ," 27.316,14 ",Demais serviços,Comércio e reparação de veículos automotores e motocicletas,Indústrias de transformação
2013,5,Centro-oeste,51,MT,Mato Grosso,5107602,Rondonópolis,,5105,Sudeste Mato-grossense,51021,Rondonópolis,510016,Rondonópolis,Polo,5105,Rondonópolis,Polo,5107602,Rondonópolis,Média concentração urbana,,,Capital Regional C,Capital Regional,5102,Região Rural do Centro Sub-regional de Rondonópolis,Região Rural de Centro Sub-regional,Sim,Não,Não, 203.679 , 1.819.602 , 2.931.273 , 846.089 , 5.800.643 , 936.801 , 6.737.444 ," 32.388,60 ",Demais serviços,Indústrias de transformação,Comércio e reparação de veículos automotores e motocicletas
2014,5,Centro-oeste,51,MT,Mato Grosso,5107602,Rondonópolis,,5105,Sudeste Mato-grossense,51021,Rondonópolis,510016,Rondonópolis,Polo,5105,Rondonópolis,Polo,5107602,Rondonópolis,Média concentração urbana,,,Capital Regional C,Capital Regional,5102,Região Rural do Centro Sub-regional de Rondonópolis,Região Rural de Centro Sub-regional,Sim,Não,Não, 262.415 , 2.020.996 , 3.515.921 , 953.491 , 6.752.823 , 890.203 , 7.643.026 ," 36.100,03 ",Demais serviços,Indústrias de transformação,Comércio e reparação de veículos automotores e motocicletas
2015,5,Centro-oeste,51,MT,Mato Grosso,5107602,Rondonópolis,,5105,Sudeste Mato-grossense,51021,Rondonópolis,510016,Rondonópolis,Polo,5105,Rondonópolis,Polo,5107602,Rondonópolis,Média concentração urbana,,,Capital Regional C,Capital Regional,5102,Região Rural do Centro Sub-regional de Rondonópolis,Região Rural de Centro Sub-regional,Sim,Não,Não, 245.550 , 2.327.130 , 3.881.151 , 1.041.935 , 7.495.767 , 831.670 , 8.327.436 ," 38.674,70 ",Demais serviços,Indústrias de transformação,Comércio e reparação de veículos automotores e motocicletas
2016,5,Centro-oeste,51,MT,Mato Grosso,5107602,Rondonópolis,,5105,Sudeste Mato-grossense,51021,Rondonópolis,510016,Rondonópolis,Polo,5105,Rondonópolis,Polo,5107602,Rondonópolis,Média concentração urbana,,,Capital Regional C,Capital Regional,5102,Região Rural do Centro Sub-regional de Rondonópolis,Região Rural de Centro Sub-regional,Sim,Não,Não, 288.745 , 2.635.535 , 4.326.411 , 1.219.480 , 8.470.170 , 1.018.759 , 9.488.929 ," 43.348,44 ",Demais serviços,Indústrias de transformação,Comércio e reparação de veículos automotores e motocicletas
2017,5,Centro-oeste,51,MT,Mato Grosso,5107602,Rondonópolis,,5105,Sudeste Mato-grossense,51021,Rondonópolis,510016,Rondonópolis,Polo,5105,Rondonópolis,Polo,5107602,Rondonópolis,Média concentração urbana,,,Capital Regional C,Capital Regional,5102,Região Rural do Centro Sub-regional de Rondonópolis,Região Rural de Centro Sub-regional,Sim,Não,Não, 228.068 , 2.181.820 , 4.563.243 , 1.279.572 , 8.252.703 , 1.351.078 , 9.603.781 ," 43.198,78 ",Demais serviços,Comércio e reparação de veículos automotores e motocicletas,Indústrias de transformação
2018,5,Centro-oeste,51,MT,Mato Grosso,5107602,Rondonópolis,,5105,Sudeste Mato-grossense,51021,Rondonópolis,510016,Rondonópolis,Polo,5105,Rondonópolis,Polo,5107602,Rondonópolis,Média concentração urbana,,,Capital Regional C,Capital Regional,5102,Região Rural do Centro Sub-regional de Rondonópolis,Região Rural de Centro Sub-regional,Sim,Não,Não, 276.772 , 2.700.823 , 5.057.686 , 1.374.467 , 9.409.747 , 1.372.524 , 10.782.272 ," 47.113,58 ",Demais serviços,Indústrias de transformação,Comércio e reparação de veículos automotores e motocicletas
2019,5,Centro-oeste,51,MT,Mato Grosso,5107602,Rondonópolis,,5105,Sudeste Mato-grossense,51021,Rondonópolis,510016,Rondonópolis,Polo,5105,Rondonópolis,Polo,5107602,Rondonópolis,Média concentração urbana,,,Capital Regional C,Capital Regional,5102,Região Rural do Centro Sub-regional de Rondonópolis,Região Rural de Centro Sub-regional,Sim,Não,Não, 274.002 , 2.827.804 , 5.335.392 , 1.472.962 , 9.910.160 , 1.445.079 , 11.355.239 ," 48.841,63 ",Demais serviços,Comércio e reparação de veículos automotores e motocicletas,Indústrias de transformação
2020,5,Centro-oeste,51,MT,Mato Grosso,5107602,Rondonópolis,,5105,Sudeste Mato-grossense,51021,Rondonópolis,510016,Rondonópolis,Polo,5105,Rondonópolis,Polo,5107602,Rondonópolis,Média concentração urbana,,,Capital Regional C,Capital Regional,5102,Região Rural do Centro Sub-regional de Rondonópolis,Região Rural de Centro Sub-regional,Sim,Não,Não, 362.055 , 3.715.151 , 5.534.856 , 1.636.598 , 11.248.660 , 1.605.909 , 12.854.569 ," 54.458,82 ",Demais serviços,Indústrias de transformação,Comércio e reparação de veículos automotores e motocicletas
2021,5,Centro-oeste,51,MT,Mato Grosso,5107602,Rondonópolis,,5105,Sudeste Mato-grossense,51021,Rondonópolis,510016,Rondonópolis,Polo,5105,Rondonópolis,Polo,5107602,Rondonópolis,Média concentração urbana,,,Capital Regional C,Capital Regional,5102,Região Rural do Centro Sub-regional de Rondonópolis,Região Rural de Centro Sub-regional,Sim,Não,Não, 591.965 , 4.177.538 , 8.137.633 , 1.704.532 , 14.611.669 , 2.683.976 , 17.295.644 ," 72.181,58 ",Comércio e reparação de veículos automotores e motocicletas,Demais serviços,Indústrias de transformação
2010,5,Centro-oeste,50,MS,Mato Grosso do Sul,5003306,Coxim,,5002,Centro Norte de Mato Grosso do Sul,50003,Alto Taquari,500004,Coxim,Polo,5001,Campo Grande,do Entorno,,,,,,Centro Sub-Regional B,Centro Sub-Regional,5002,Região Rural da Capital Regional de Campo Grande,Região Rural de Capital Regional,Não,Não,Não, 81.021 , 64.344 , 215.455 , 101.399 , 462.219 , 68.483 , 530.702 ," 16.491,68 ",Demais serviços,"Administração, defesa, educação e saúde públicas e seguridade social",Comércio e reparação de veículos automotores e motocicletas
2011,5,Centro-oeste,50,MS,Mato Grosso do Sul,5003306,Coxim,,5002,Centro Norte de Mato Grosso do Sul,50003,Alto Taquari,500004,Coxim,Polo,5001,Campo Grande,do Entorno,,,,,,Centro Sub-Regional B,Centro Sub-Regional,5002,Região Rural da Capital Regional de Campo Grande,Região Rural de Capital Regional,Não,Não,Não, 85.865 , 68.417 , 234.649 , 114.737 , 503.668 , 72.550 , 576.218 ," 17.862,25 ",Demais serviços,"Administração, defesa, educação e saúde públicas e seguridade social",Comércio e reparação de veículos automotores e motocicletas
2012,5,Centro-oeste,50,MS,Mato Grosso do Sul,5003306,Coxim,,5002,Centro Norte de Mato Grosso do Sul,50003,Alto Taquari,500004,Coxim,Polo,5001,Campo Grande,do Entorno,,,,,,Centro Sub-Regional B,Centro Sub-Regional,5002,Região Rural da Capital Regional de Campo Grande,Região Rural de Capital Regional,Não,Não,Não, 97.219 , 58.984 , 256.049 , 126.037 , 538.289 , 75.865 , 614.155 ," 18.981,75 ",Demais serviços,"Administração, defesa, educação e saúde públicas e seguridade social",Comércio e reparação de veículos automotores e motocicletas
2013,5,Centro-oeste,50,MS,Mato Grosso do Sul,5003306,Coxim,,5002,Centro Norte de Mato Grosso do Sul,50003,Alto Taquari,500004,Coxim,Polo,5001,Campo Grande,do Entorno,,,,,,Centro Sub-Regional B,Centro Sub-Regional,5002,Região Rural da Capital Regional de Campo Grande,Região Rural de Capital Regional,Não,Não,Não, 100.614 , 54.936 , 289.357 , 143.760 , 588.668 , 83.035 , 671.703 ," 20.386,77 ",Demais serviços,"Administração, defesa, educação e saúde públicas e seguridade social",Comércio e reparação de veículos automotores e motocicletas
2014,5,Centro-oeste,50,MS,Mato Grosso do Sul,5003306,Coxim,,5002,Centro Norte de Mato Grosso do Sul,50003,Alto Taquari,500004,Coxim,Polo,5001,Campo Grande,do Entorno,,,,,,Centro Sub-Regional B,Centro Sub-Regional,5002,Região Rural da Capital Regional de Campo Grande,Região Rural de Capital Regional,Não,Não,Não, 112.389 , 77.249 , 333.613 , 145.644 , 668.895 , 89.615 , 758.510 ," 22.953,86 ",Demais serviços,"Administração, defesa, educação e saúde públicas e seguridade social",Comércio e reparação de veículos automotores e motocicletas
2015,5,Centro-oeste,50,MS,Mato Grosso do Sul,5003306,Coxim,,5002,Centro Norte de Mato Grosso do Sul,50003,Alto Taquari,500004,Coxim,Polo,5001,Campo Grande,do Entorno,,,,,,Centro Sub-Regional B,Centro Sub-Regional,5002,Região Rural da Capital Regional de Campo Grande,Região Rural de Capital Regional,Não,Não,Não, 133.063 , 67.979 , 335.068 , 158.953 , 695.063 , 92.105 , 787.168 ," 23.753,52 ",Demais serviços,"Administração, defesa, educação e saúde públicas e seguridade social",Comércio e reparação de veículos automotores e motocicletas
2016,5,Centro-oeste,50,MS,Mato Grosso do Sul,5003306,Coxim,,5002,Centro Norte de Mato Grosso do Sul,50003,Alto Taquari,500004,Coxim,Polo,5001,Campo Grande,do Entorno,,,,,,Centro Sub-Regional B,Centro Sub-Regional,5002,Região Rural da Capital Regional de Campo Grande,Região Rural de Capital Regional,Não,Não,Não, 146.245 , 77.905 , 330.557 , 176.930 , 731.636 , 85.239 , 816.875 ," 24.581,71 ",Demais serviços,"Administração, defesa, educação e saúde públicas e seguridade social",Comércio e reparação de veículos automotores e motocicletas
2017,5,Centro-oeste,50,MS,Mato Grosso do Sul,5003306,Coxim,,5002,Centro Norte de Mato Grosso do Sul,50003,Alto Taquari,500004,Coxim,Polo,5001,Campo Grande,do Entorno,,,,,,Centro Sub-Regional B,Centro Sub-Regional,5002,Região Rural da Capital Regional de Campo Grande,Região Rural de Capital Regional,Não,Não,Não, 136.981 , 40.622 , 373.339 , 191.784 , 742.727 , 97.284 , 840.011 ," 25.208,13 ",Demais serviços,"Administração, defesa, educação e saúde públicas e seguridade social",Comércio e reparação de veículos automotores e motocicletas
2018,5,Centro-oeste,50,MS,Mato Grosso do Sul,5003306,Coxim,,5002,Centro Norte de Mato Grosso do Sul,50003,Alto Taquari,500004,Coxim,Polo,5001,Campo Grande,do Entorno,,,,,,Centro Sub-Regional B,Centro Sub-Regional,5002,Região Rural da Capital Regional de Campo Grande,Região Rural de Capital Regional,Não,Não,Não, 144.699 , 54.581 , 392.970 , 201.635 , 793.885 , 104.979 , 898.864 ," 26.818,96 ",Demais serviços,"Administração, defesa, educação e saúde públicas e seguridade social",Comércio e reparação de veículos automotores e motocicletas
2019,5,Centro-oeste,50,MS,Mato Grosso do Sul,5003306,Coxim,,5002,Centro Norte de Mato Grosso do Sul,50003,Alto Taquari,500004,Coxim,Polo,5001,Campo Grande,do Entorno,,,,,,Centro Sub-Regional B,Centro Sub-Regional,5002,Região Rural da Capital Regional de Campo Grande,Região Rural de Capital Regional,Não,Não,Não, 142.371 , 79.614 , 366.523 , 216.219 , 804.726 , 90.369 , 895.095 ," 26.685,00 ",Demais serviços,"Administração, defesa, educação e saúde públicas e seguridade social",Comércio e reparação de veículos automotores e motocicletas
2020,5,Centro-oeste,50,MS,Mato Grosso do Sul,5003306,Coxim,,5002,Centro Norte de Mato Grosso do Sul,50003,Alto Taquari,500004,Coxim,Polo,5001,Campo Grande,do Entorno,,,,,,Centro Sub-Regional B,Centro Sub-Regional,5002,Região Rural da Capital Regional de Campo Grande,Região Rural de Capital Regional,Não,Não,Não, 201.276 , 82.749 , 396.887 , 228.846 , 909.758 , 98.102 , 1.007.860 ," 30.122,23 ",Demais serviços,"Administração, defesa, educação e saúde públicas e seguridade social",Comércio e reparação de veículos automotores e motocicletas
2021,5,Centro-oeste,50,MS,Mato Grosso do Sul,5003306,Coxim,,5002,Centro Norte de Mato Grosso do Sul,50003,Alto Taquari,500004,Coxim,Polo,5001,Campo Grande,do Entorno,,,,,,Centro Sub-Regional B,Centro Sub-Regional,5002,Região Rural da Capital Regional de Campo Grande,Região Rural de Capital Regional,Não,Não,Não, 231.015 , 81.336 , 451.934 , 239.534 , 1.003.820 , 113.839 , 1.117.659 ," 33.316,20 ",Demais serviços,"Administração, defesa, educação e saúde públicas e seguridade social",Comércio e reparação de veículos automotores e motocicletas
2010,5,Centro-oeste,50,MS,Mato Grosso do Sul,5006903,Porto Murtinho,,5001,Pantanais Sul Mato-grossense,50001,Baixo Pantanal,500011,Jardim,do Entorno,5003,Corumbá,do Entorno,,,,,,Centro Local,Centro Local,5001,Região Rural dos Centros de Zona de Corumbá e Aquidauana,Região Rural de Centro de zona,Não,Não,Não, 97.127 , 25.895 , 34.269 , 56.247 , 213.539 , 16.676 , 230.214 ," 14.979,14 ","Pecuária, inclusive apoio à pecuária","Administração, defesa, educação e saúde públicas e seguridade social",Demais serviços
2011,5,Centro-oeste,50,MS,Mato Grosso do Sul,5006903,Porto Murtinho,,5001,Pantanais Sul Mato-grossense,50001,Baixo Pantanal,500011,Jardim,do Entorno,5003,Corumbá,do Entorno,,,,,,Centro Local,Centro Local,5001,Região Rural dos Centros de Zona de Corumbá e Aquidauana,Região Rural de Centro de zona,Não,Não,Não, 99.875 , 16.611 , 38.408 , 62.561 , 217.456 , 17.801 , 235.257 ," 15.148,58 ","Pecuária, inclusive apoio à pecuária","Administração, defesa, educação e saúde públicas e seguridade social",Demais serviços
2012,5,Centro-oeste,50,MS,Mato Grosso do Sul,5006903,Porto Murtinho,,5001,Pantanais Sul Mato-grossense,50001,Baixo Pantanal,500011,Jardim,do Entorno,5003,Corumbá,do Entorno,,,,,,Centro Local,Centro Local,5001,Região Rural dos Centros de Zona de Corumbá e Aquidauana,Região Rural de Centro de zona,Não,Não,Não, 91.327 , 13.346 , 45.120 , 71.294 , 221.088 , 20.044 , 241.132 ," 15.375,35 ","Pecuária, inclusive apoio à pecuária","Administração, defesa, educação e saúde públicas e seguridade social",Demais serviços
2013,5,Centro-oeste,50,MS,Mato Grosso do Sul,5006903,Porto Murtinho,,5001,Pantanais Sul Mato-grossense,50001,Baixo Pantanal,500011,Jardim,do Entorno,5003,Corumbá,do Entorno,,,,,,Centro Local,Centro Local,5001,Região Rural dos Centros de Zona de Corumbá e Aquidauana,Região Rural de Centro de zona,Não,Não,Não, 103.233 , 17.152 , 49.815 , 84.763 , 254.962 , 16.177 , 271.139 ," 16.776,34 ","Pecuária, inclusive apoio à pecuária","Administração, defesa, educação e saúde públicas e seguridade social",Demais serviços
2014,5,Centro-oeste,50,MS,Mato Grosso do Sul,5006903,Porto Murtinho,,5001,Pantanais Sul Mato-grossense,50001,Baixo Pantanal,500011,Jardim,do Entorno,5003,Corumbá,do Entorno,,,,,,Centro Local,Centro Local,5001,Região Rural dos Centros de Zona de Corumbá e Aquidauana,Região Rural de Centro de zona,Não,Não,Não, 116.747 , 17.764 , 54.267 , 83.644 , 272.422 , 14.538 , 286.960 ," 17.561,83 ","Pecuária, inclusive apoio à pecuária","Administração, defesa, educação e saúde públicas e seguridade social",Demais serviços
2015,5,Centro-oeste,50,MS,Mato Grosso do Sul,5006903,Porto Murtinho,,5001,Pantanais Sul Mato-grossense,50001,Baixo Pantanal,500011,Jardim,do Entorno,5003,Corumbá,do Entorno,,,,,,Centro Local,Centro Local,5001,Região Rural dos Centros de Zona de Corumbá e Aquidauana,Região Rural de Centro de zona,Não,Não,Não, 131.189 , 8.711 , 51.375 , 85.072 , 276.347 , 15.662 , 292.009 ," 17.682,51 ","Pecuária, inclusive apoio à pecuária","Administração, defesa, educação e saúde públicas e seguridade social",Demais serviços
2016,5,Centro-oeste,50,MS,Mato Grosso do Sul,5006903,Porto Murtinho,,5001,Pantanais Sul Mato-grossense,50001,Baixo Pantanal,500011,Jardim,do Entorno,5003,Corumbá,do Entorno,,,,,,Centro Local,Centro Local,5001,Região Rural dos Centros de Zona de Corumbá e Aquidauana,Região Rural de Centro de zona,Não,Não,Não, 139.139 , 9.055 , 52.447 , 94.596 , 295.238 , 16.287 , 311.524 ," 18.669,80 ","Pecuária, inclusive apoio à pecuária","Administração, defesa, educação e saúde públicas e seguridade social",Demais serviços
2017,5,Centro-oeste,50,MS,Mato Grosso do Sul,5006903,Porto Murtinho,,5001,Pantanais Sul Mato-grossense,50001,Baixo Pantanal,500011,Jardim,do Entorno,5003,Corumbá,do Entorno,,,,,,Centro Local,Centro Local,5001,Região Rural dos Centros de Zona de Corumbá e Aquidauana,Região Rural de Centro de zona,Não,Não,Não, 120.678 , 9.911 , 65.307 , 107.503 , 303.400 , 17.955 , 321.355 ," 19.038,73 ","Pecuária, inclusive apoio à pecuária","Administração, defesa, educação e saúde públicas e seguridade social",Demais serviços
2018,5,Centro-oeste,50,MS,Mato Grosso do Sul,5006903,Porto Murtinho,,5001,Pantanais Sul Mato-grossense,50001,Baixo Pantanal,500011,Jardim,do Entorno,5003,Corumbá,do Entorno,,,,,,Centro Local,Centro Local,5001,Região Rural dos Centros de Zona de Corumbá e Aquidauana,Região Rural de Centro de zona,Não,Não,Não, 116.270 , 10.964 , 79.454 , 118.380 , 325.069 , 19.118 , 344.187 ," 20.153,85 ","Administração, defesa, educação e saúde públicas e seguridade social","Pecuária, inclusive apoio à pecuária",Demais serviços
2019,5,Centro-oeste,50,MS,Mato Grosso do Sul,5006903,Porto Murtinho,,5001,Pantanais Sul Mato-grossense,50001,Baixo Pantanal,500011,Jardim,do Entorno,5003,Corumbá,do Entorno,,,,,,Centro Local,Centro Local,5001,Região Rural dos Centros de Zona de Corumbá e Aquidauana,Região Rural de Centro de zona,Não,Não,Não, 113.061 , 13.111 , 77.341 , 129.640 , 333.154 , 21.685 , 354.839 ," 20.713,24 ","Administração, defesa, educação e saúde públicas e seguridade social","Pecuária, inclusive apoio à pecuária",Demais serviços
2020,5,Centro-oeste,50,MS,Mato Grosso do Sul,5006903,Porto Murtinho,,5001,Pantanais Sul Mato-grossense,50001,Baixo Pantanal,500011,Jardim,do Entorno,5003,Corumbá,do Entorno,,,,,,Centro Local,Centro Local,5001,Região Rural dos Centros de Zona de Corumbá e Aquidauana,Região Rural de Centro de zona,Não,Não,Não, 159.573 , 13.432 , 78.856 , 128.500 , 380.362 , 25.493 , 405.854 ," 23.462,50 ","Pecuária, inclusive apoio à pecuária","Administração, defesa, educação e saúde públicas e seguridade social",Demais serviços
2021,5,Centro-oeste,50,MS,Mato Grosso do Sul,5006903,Porto Murtinho,,5001,Pantanais Sul Mato-grossense,50001,Baixo Pantanal,500011,Jardim,do Entorno,5003,Corumbá,do Entorno,,,,,,Centro Local,Centro Local,5001,Região Rural dos Centros de Zona de Corumbá e Aquidauana,Região Rural de Centro de zona,Não,Não,Não, 217.886 , 15.571 , 88.349 , 127.197 , 449.002 , 27.901 , 476.904 ," 27.314,06 ","Pecuária, inclusive apoio à pecuária","Administração, defesa, educação e saúde públicas e seguridade social",Demais serviços
2010,5,Centro-oeste,51,MT,Mato Grosso,5106505,Poconé,Entorno Metropolitano da RM Vale do Rio Cuiabá,5104,Centro-Sul Mato-grossense,51018,Alto Pantanal,510001,Cuiabá,do Entorno,5101,Cuiabá,do Entorno,,,,,,Centro Local,Centro Local,5001,Região Rural dos Centros de Zona de Corumbá e Aquidauana,Região Rural de Centro de zona,Sim,Não,Não, 61.622 , 20.664 , 82.583 , 84.397 , 249.266 , 21.481 , 270.747 ," 8.519,94 ","Administração, defesa, educação e saúde públicas e seguridade social",Demais serviços,"Agricultura, inclusive apoio à agricultura e a pós colheita"
2011,5,Centro-oeste,51,MT,Mato Grosso,5106505,Poconé,Entorno Metropolitano da RM Vale do Rio Cuiabá,5104,Centro-Sul Mato-grossense,51018,Alto Pantanal,510001,Cuiabá,do Entorno,5101,Cuiabá,do Entorno,,,,,,Centro Local,Centro Local,5001,Região Rural dos Centros de Zona de Corumbá e Aquidauana,Região Rural de Centro de zona,Sim,Não,Não, 44.786 , 26.007 , 92.620 , 93.420 , 256.832 , 21.378 , 278.211 ," 8.733,11 ","Administração, defesa, educação e saúde públicas e seguridade social",Demais serviços,"Pecuária, inclusive apoio à pecuária"
2012,5,Centro-oeste,51,MT,Mato Grosso,5106505,Poconé,Entorno Metropolitano da RM Vale do Rio Cuiabá,5104,Centro-Sul Mato-grossense,51018,Alto Pantanal,510001,Cuiabá,do Entorno,5101,Cuiabá,do Entorno,,,,,,Centro Local,Centro Local,5001,Região Rural dos Centros de Zona de Corumbá e Aquidauana,Região Rural de Centro de zona,Sim,Não,Não, 45.866 , 26.592 , 95.605 , 103.215 , 271.278 , 23.636 , 294.914 ," 9.235,98 ","Administração, defesa, educação e saúde públicas e seguridade social",Demais serviços,"Pecuária, inclusive apoio à pecuária"
2013,5,Centro-oeste,51,MT,Mato Grosso,5106505,Poconé,Entorno Metropolitano da RM Vale do Rio Cuiabá,5104,Centro-Sul Mato-grossense,51018,Alto Pantanal,510001,Cuiabá,do Entorno,5101,Cuiabá,do Entorno,,,,,,Centro Local,Centro Local,5001,Região Rural dos Centros de Zona de Corumbá e Aquidauana,Região Rural de Centro de zona,Sim,Não,Não, 65.722 , 22.292 , 118.737 , 119.973 , 326.723 , 30.165 , 356.889 ," 11.134,33 ","Administração, defesa, educação e saúde públicas e seguridade social",Demais serviços,"Pecuária, inclusive apoio à pecuária"
2014,5,Centro-oeste,51,MT,Mato Grosso,5106505,Poconé,Entorno Metropolitano da RM Vale do Rio Cuiabá,5104,Centro-Sul Mato-grossense,51018,Alto Pantanal,510001,Cuiabá,do Entorno,5101,Cuiabá,do Entorno,,,,,,Centro Local,Centro Local,5001,Região Rural dos Centros de Zona de Corumbá e Aquidauana,Região Rural de Centro de zona,Sim,Não,Não, 51.574 , 34.376 , 144.575 , 135.571 , 366.097 , 29.602 , 395.699 ," 12.330,13 ","Administração, defesa, educação e saúde públicas e seguridade social",Demais serviços,"Pecuária, inclusive apoio à pecuária"
2015,5,Centro-oeste,51,MT,Mato Grosso,5106505,Poconé,Entorno Metropolitano da RM Vale do Rio Cuiabá,5104,Centro-Sul Mato-grossense,51018,Alto Pantanal,510001,Cuiabá,do Entorno,5101,Cuiabá,do Entorno,,,,,,Centro Local,Centro Local,5001,Região Rural dos Centros de Zona de Corumbá e Aquidauana,Região Rural de Centro de zona,Sim,Não,Não, 45.795 , 40.474 , 170.170 , 150.035 , 406.473 , 30.036 , 436.510 ," 13.585,31 ","Administração, defesa, educação e saúde públicas e seguridade social",Demais serviços,"Pecuária, inclusive apoio à pecuária"
2016,5,Centro-oeste,51,MT,Mato Grosso,5106505,Poconé,Entorno Metropolitano da RM Vale do Rio Cuiabá,5104,Centro-Sul Mato-grossense,51018,Alto Pantanal,510001,Cuiabá,do Entorno,5101,Cuiabá,do Entorno,,,,,,Centro Local,Centro Local,5001,Região Rural dos Centros de Zona de Corumbá e Aquidauana,Região Rural de Centro de zona,Sim,Não,Não, 62.858 , 47.069 , 191.021 , 169.592 , 470.540 , 38.410 , 508.951 ," 15.803,46 ","Administração, defesa, educação e saúde públicas e seguridade social",Demais serviços,"Pecuária, inclusive apoio à pecuária"
2017,5,Centro-oeste,51,MT,Mato Grosso,5106505,Poconé,Entorno Metropolitano da RM Vale do Rio Cuiabá,5104,Centro-Sul Mato-grossense,51018,Alto Pantanal,510001,Cuiabá,do Entorno,5101,Cuiabá,do Entorno,,,,,,Centro Local,Centro Local,5001,Região Rural dos Centros de Zona de Corumbá e Aquidauana,Região Rural de Centro de zona,Sim,Não,Não, 52.159 , 34.287 , 194.129 , 176.766 , 457.341 , 45.635 , 502.975 ," 15.600,49 ","Administração, defesa, educação e saúde públicas e seguridade social",Demais serviços,"Pecuária, inclusive apoio à pecuária"
2018,5,Centro-oeste,51,MT,Mato Grosso,5106505,Poconé,Entorno Metropolitano da RM Vale do Rio Cuiabá,5104,Centro-Sul Mato-grossense,51018,Alto Pantanal,510001,Cuiabá,do Entorno,5101,Cuiabá,do Entorno,,,,,,Centro Local,Centro Local,5001,Região Rural dos Centros de Zona de Corumbá e Aquidauana,Região Rural de Centro de zona,Sim,Não,Não, 52.958 , 35.989 , 217.580 , 187.146 , 493.674 , 45.722 , 539.396 ," 16.461,05 ","Administração, defesa, educação e saúde públicas e seguridade social",Demais serviços,Comércio e reparação de veículos automotores e motocicletas
2019,5,Centro-oeste,51,MT,Mato Grosso,5106505,Poconé,Entorno Metropolitano da RM Vale do Rio Cuiabá,5104,Centro-Sul Mato-grossense,51018,Alto Pantanal,510001,Cuiabá,do Entorno,5101,Cuiabá,do Entorno,,,,,,Centro Local,Centro Local,5001,Região Rural dos Centros de Zona de Corumbá e Aquidauana,Região Rural de Centro de zona,Sim,Não,Não, 50.817 , 48.148 , 237.186 , 179.909 , 516.060 , 49.143 , 565.203 ," 17.209,24 ",Demais serviços,"Administração, defesa, educação e saúde públicas e seguridade social",Comércio e reparação de veículos automotores e motocicletas
2020,5,Centro-oeste,51,MT,Mato Grosso,5106505,Poconé,Entorno Metropolitano da RM Vale do Rio Cuiabá,5104,Centro-Sul Mato-grossense,51018,Alto Pantanal,510001,Cuiabá,do Entorno,5101,Cuiabá,do Entorno,,,,,,Centro Local,Centro Local,5001,Região Rural dos Centros de Zona de Corumbá e Aquidauana,Região Rural de Centro de zona,Sim,Não,Não, 81.344 , 50.352 , 228.167 , 200.410 , 560.273 , 59.113 , 619.386 ," 18.591,80 ","Administração, defesa, educação e saúde públicas e seguridade social",Demais serviços,Comércio e reparação de veículos automotores e motocicletas
2021,5,Centro-oeste,51,MT,Mato Grosso,5106505,Poconé,Entorno Metropolitano da RM Vale do Rio Cuiabá,5104,Centro-Sul Mato-grossense,51018,Alto Pantanal,510001,Cuiabá,do Entorno,5101,Cuiabá,do Entorno,,,,,,Centro Local,Centro Local,5001,Região Rural dos Centros de Zona de Corumbá e Aquidauana,Região Rural de Centro de zona,Sim,Não,Não, 123.051 , 58.188 , 245.883 , 212.613 , 639.735 , 69.801 , 709.536 ," 21.252,49 ","Administração, defesa, educação e saúde públicas e seguridade social",Demais serviços,"Pecuária, inclusive apoio à pecuária"
2010,5,Centro-oeste,50,MS,Mato Grosso do Sul,5007406,Rio Verde de Mato Grosso,,5002,Centro Norte de Mato Grosso do Sul,50003,Alto Taquari,500004,Coxim,do Entorno,5001,Campo Grande,do Entorno,,,,,,Centro Local,Centro Local,5002,Região Rural da Capital Regional de Campo Grande,Região Rural de Capital Regional,Não,Não,Não, 79.607 , 14.107 , 67.070 , 63.353 , 224.136 , 23.149 , 247.286 ," 13.089,44 ","Pecuária, inclusive apoio à pecuária","Administração, defesa, educação e saúde públicas e seguridade social",Demais serviços
2011,5,Centro-oeste,50,MS,Mato Grosso do Sul,5007406,Rio Verde de Mato Grosso,,5002,Centro Norte de Mato Grosso do Sul,50003,Alto Taquari,500004,Coxim,do Entorno,5001,Campo Grande,do Entorno,,,,,,Centro Local,Centro Local,5002,Região Rural da Capital Regional de Campo Grande,Região Rural de Capital Regional,Não,Não,Não, 80.865 , 16.578 , 75.755 , 72.016 , 245.214 , 24.330 , 269.544 ," 14.225,47 ","Administração, defesa, educação e saúde públicas e seguridade social","Pecuária, inclusive apoio à pecuária",Demais serviços
2012,5,Centro-oeste,50,MS,Mato Grosso do Sul,5007406,Rio Verde de Mato Grosso,,5002,Centro Norte de Mato Grosso do Sul,50003,Alto Taquari,500004,Coxim,do Entorno,5001,Campo Grande,do Entorno,,,,,,Centro Local,Centro Local,5002,Região Rural da Capital Regional de Campo Grande,Região Rural de Capital Regional,Não,Não,Não, 84.372 , 18.651 , 90.424 , 77.399 , 270.846 , 25.670 , 296.516 ," 15.602,84 ","Administração, defesa, educação e saúde públicas e seguridade social",Demais serviços,"Pecuária, inclusive apoio à pecuária"
2013,5,Centro-oeste,50,MS,Mato Grosso do Sul,5007406,Rio Verde de Mato Grosso,,5002,Centro Norte de Mato Grosso do Sul,50003,Alto Taquari,500004,Coxim,do Entorno,5001,Campo Grande,do Entorno,,,,,,Centro Local,Centro Local,5002,Região Rural da Capital Regional de Campo Grande,Região Rural de Capital Regional,Não,Não,Não, 93.508 , 22.685 , 113.645 , 88.578 , 318.416 , 29.723 , 348.139 ," 17.990,78 ","Administração, defesa, educação e saúde públicas e seguridade social",Demais serviços,"Pecuária, inclusive apoio à pecuária"
2014,5,Centro-oeste,50,MS,Mato Grosso do Sul,5007406,Rio Verde de Mato Grosso,,5002,Centro Norte de Mato Grosso do Sul,50003,Alto Taquari,500004,Coxim,do Entorno,5001,Campo Grande,do Entorno,,,,,,Centro Local,Centro Local,5002,Região Rural da Capital Regional de Campo Grande,Região Rural de Capital Regional,Não,Não,Não, 100.309 , 23.315 , 123.629 , 91.331 , 338.584 , 30.158 , 368.742 ," 19.000,45 ",Demais serviços,"Administração, defesa, educação e saúde públicas e seguridade social","Pecuária, inclusive apoio à pecuária"
2015,5,Centro-oeste,50,MS,Mato Grosso do Sul,5007406,Rio Verde de Mato Grosso,,5002,Centro Norte de Mato Grosso do Sul,50003,Alto Taquari,500004,Coxim,do Entorno,5001,Campo Grande,do Entorno,,,,,,Centro Local,Centro Local,5002,Região Rural da Capital Regional de Campo Grande,Região Rural de Capital Regional,Não,Não,Não, 119.730 , 26.353 , 123.390 , 98.685 , 368.157 , 32.683 , 400.840 ," 20.596,03 ","Administração, defesa, educação e saúde públicas e seguridade social","Pecuária, inclusive apoio à pecuária",Demais serviços
2016,5,Centro-oeste,50,MS,Mato Grosso do Sul,5007406,Rio Verde de Mato Grosso,,5002,Centro Norte de Mato Grosso do Sul,50003,Alto Taquari,500004,Coxim,do Entorno,5001,Campo Grande,do Entorno,,,,,,Centro Local,Centro Local,5002,Região Rural da Capital Regional de Campo Grande,Região Rural de Capital Regional,Não,Não,Não, 133.967 , 27.130 , 124.463 , 111.194 , 396.754 , 32.492 , 429.246 ," 21.995,70 ","Administração, defesa, educação e saúde públicas e seguridade social","Pecuária, inclusive apoio à pecuária",Demais serviços
2017,5,Centro-oeste,50,MS,Mato Grosso do Sul,5007406,Rio Verde de Mato Grosso,,5002,Centro Norte de Mato Grosso do Sul,50003,Alto Taquari,500004,Coxim,do Entorno,5001,Campo Grande,do Entorno,,,,,,Centro Local,Centro Local,5002,Região Rural da Capital Regional de Campo Grande,Região Rural de Capital Regional,Não,Não,Não, 131.073 , 27.151 , 133.959 , 118.607 , 410.790 , 35.611 , 446.401 ," 22.811,65 ","Administração, defesa, educação e saúde públicas e seguridade social",Demais serviços,"Pecuária, inclusive apoio à pecuária"
2018,5,Centro-oeste,50,MS,Mato Grosso do Sul,5007406,Rio Verde de Mato Grosso,,5002,Centro Norte de Mato Grosso do Sul,50003,Alto Taquari,500004,Coxim,do Entorno,5001,Campo Grande,do Entorno,,,,,,Centro Local,Centro Local,5002,Região Rural da Capital Regional de Campo Grande,Região Rural de Capital Regional,Não,Não,Não, 137.891 , 30.018 , 134.890 , 130.222 , 433.020 , 35.030 , 468.051 ," 23.780,65 ","Administração, defesa, educação e saúde públicas e seguridade social",Demais serviços,"Pecuária, inclusive apoio à pecuária"
2019,5,Centro-oeste,50,MS,Mato Grosso do Sul,5007406,Rio Verde de Mato Grosso,,5002,Centro Norte de Mato Grosso do Sul,50003,Alto Taquari,500004,Coxim,do Entorno,5001,Campo Grande,do Entorno,,,,,,Centro Local,Centro Local,5002,Região Rural da Capital Regional de Campo Grande,Região Rural de Capital Regional,Não,Não,Não, 127.250 , 44.959 , 130.525 , 143.701 , 446.436 , 35.640 , 482.076 ," 24.413,85 ","Administração, defesa, educação e saúde públicas e seguridade social",Demais serviços,"Pecuária, inclusive apoio à pecuária"
2020,5,Centro-oeste,50,MS,Mato Grosso do Sul,5007406,Rio Verde de Mato Grosso,,5002,Centro Norte de Mato Grosso do Sul,50003,Alto Taquari,500004,Coxim,do Entorno,5001,Campo Grande,do Entorno,,,,,,Centro Local,Centro Local,5002,Região Rural da Capital Regional de Campo Grande,Região Rural de Capital Regional,Não,Não,Não, 189.759 , 31.663 , 141.889 , 145.011 , 508.322 , 41.191 , 549.512 ," 27.512,75 ","Administração, defesa, educação e saúde públicas e seguridade social","Pecuária, inclusive apoio à pecuária",Demais serviços
2021,5,Centro-oeste,50,MS,Mato Grosso do Sul,5007406,Rio Verde de Mato Grosso,,5002,Centro Norte de Mato Grosso do Sul,50003,Alto Taquari,500004,Coxim,do Entorno,5001,Campo Grande,do Entorno,,,,,,Centro Local,Centro Local,5002,Região Rural da Capital Regional de Campo Grande,Região Rural de Capital Regional,Não,Não,Não, 225.647 , 33.595 , 169.972 , 152.124 , 581.338 , 51.896 , 633.234 ," 31.622,15 ","Pecuária, inclusive apoio à pecuária","Administração, defesa, educação e saúde públicas e seguridade social",Demais serviços
2010,5,Centro-oeste,50,MS,Mato Grosso do Sul,5003207,Corumbá,,5001,Pantanais Sul Mato-grossense,50001,Baixo Pantanal,500010,Corumbá,Polo,5003,Corumbá,Polo,5003207,Internacional de Corumbá/Brasil,Média concentração urbana,5003207,Internacional de Corumbá/Brasil,Centro Sub-Regional B,Centro Sub-Regional,5001,Região Rural dos Centros de Zona de Corumbá e Aquidauana,Região Rural de Centro de zona,Não,Não,Não, 116.347 , 470.198 , 694.978 , 387.596 , 1.669.118 , 194.641 , 1.863.760 ," 17.960,14 ",Demais serviços,"Administração, defesa, educação e saúde públicas e seguridade social",Indústrias extrativas
2011,5,Centro-oeste,50,MS,Mato Grosso do Sul,5003207,Corumbá,,5001,Pantanais Sul Mato-grossense,50001,Baixo Pantanal,500010,Corumbá,Polo,5003,Corumbá,Polo,5003207,Internacional de Corumbá/Brasil,Média concentração urbana,5003207,Internacional de Corumbá/Brasil,Centro Sub-Regional B,Centro Sub-Regional,5001,Região Rural dos Centros de Zona de Corumbá e Aquidauana,Região Rural de Centro de zona,Não,Não,Não, 178.792 , 517.130 , 781.984 , 426.905 , 1.904.811 , 214.425 , 2.119.236 ," 20.315,15 ",Demais serviços,"Administração, defesa, educação e saúde públicas e seguridade social",Indústrias extrativas
2012,5,Centro-oeste,50,MS,Mato Grosso do Sul,5003207,Corumbá,,5001,Pantanais Sul Mato-grossense,50001,Baixo Pantanal,500010,Corumbá,Polo,5003,Corumbá,Polo,5003207,Internacional de Corumbá/Brasil,Média concentração urbana,5003207,Internacional de Corumbá/Brasil,Centro Sub-Regional B,Centro Sub-Regional,5001,Região Rural dos Centros de Zona de Corumbá e Aquidauana,Região Rural de Centro de zona,Não,Não,Não, 233.076 , 683.543 , 840.813 , 478.346 , 2.235.777 , 210.733 , 2.446.510 ," 23.319,64 ",Demais serviços,Indústrias extrativas,"Administração, defesa, educação e saúde públicas e seguridade social"
2013,5,Centro-oeste,50,MS,Mato Grosso do Sul,5003207,Corumbá,,5001,Pantanais Sul Mato-grossense,50001,Baixo Pantanal,500010,Corumbá,Polo,5003,Corumbá,Polo,5003207,Internacional de Corumbá/Brasil,Média concentração urbana,5003207,Internacional de Corumbá/Brasil,Centro Sub-Regional B,Centro Sub-Regional,5001,Região Rural dos Centros de Zona de Corumbá e Aquidauana,Região Rural de Centro de zona,Não,Não,Não, 250.738 , 711.187 , 932.521 , 533.991 , 2.428.436 , 236.882 , 2.665.319 ," 24.829,00 ",Demais serviços,Indústrias extrativas,"Administração, defesa, educação e saúde públicas e seguridade social"
2014,5,Centro-oeste,50,MS,Mato Grosso do Sul,5003207,Corumbá,,5001,Pantanais Sul Mato-grossense,50001,Baixo Pantanal,500010,Corumbá,Polo,5003,Corumbá,Polo,5003207,Internacional de Corumbá/Brasil,Média concentração urbana,5003207,Internacional de Corumbá/Brasil,Centro Sub-Regional B,Centro Sub-Regional,5001,Região Rural dos Centros de Zona de Corumbá e Aquidauana,Região Rural de Centro de zona,Não,Não,Não, 289.549 , 877.733 , 1.131.297 , 575.900 , 2.874.480 , 226.468 , 3.100.949 ," 28.709,83 ",Demais serviços,Indústrias extrativas,"Administração, defesa, educação e saúde públicas e seguridade social"
2015,5,Centro-oeste,50,MS,Mato Grosso do Sul,5003207,Corumbá,,5001,Pantanais Sul Mato-grossense,50001,Baixo Pantanal,500010,Corumbá,Polo,5003,Corumbá,Polo,5003207,Internacional de Corumbá/Brasil,Média concentração urbana,5003207,Internacional de Corumbá/Brasil,Centro Sub-Regional B,Centro Sub-Regional,5001,Região Rural dos Centros de Zona de Corumbá e Aquidauana,Região Rural de Centro de zona,Não,Não,Não, 329.347 , 490.592 , 1.067.133 , 614.687 , 2.501.759 , 240.113 , 2.741.872 ," 25.234,43 ",Demais serviços,"Administração, defesa, educação e saúde públicas e seguridade social",Indústrias extrativas
2016,5,Centro-oeste,50,MS,Mato Grosso do Sul,5003207,Corumbá,,5001,Pantanais Sul Mato-grossense,50001,Baixo Pantanal,500010,Corumbá,Polo,5003,Corumbá,Polo,5003207,Internacional de Corumbá/Brasil,Média concentração urbana,5003207,Internacional de Corumbá/Brasil,Centro Sub-Regional B,Centro Sub-Regional,5001,Região Rural dos Centros de Zona de Corumbá e Aquidauana,Região Rural de Centro de zona,Não,Não,Não, 352.844 , 293.448 , 1.055.303 , 684.247 , 2.385.843 , 244.749 , 2.630.591 ," 24.068,95 ",Demais serviços,"Administração, defesa, educação e saúde públicas e seguridade social","Pecuária, inclusive apoio à pecuária"
2017,5,Centro-oeste,50,MS,Mato Grosso do Sul,5003207,Corumbá,,5001,Pantanais Sul Mato-grossense,50001,Baixo Pantanal,500010,Corumbá,Polo,5003,Corumbá,Polo,5003207,Internacional de Corumbá/Brasil,Média concentração urbana,5003207,Internacional de Corumbá/Brasil,Centro Sub-Regional B,Centro Sub-Regional,5001,Região Rural dos Centros de Zona de Corumbá e Aquidauana,Região Rural de Centro de zona,Não,Não,Não, 315.741 , 473.053 , 1.127.531 , 724.759 , 2.641.084 , 228.899 , 2.869.983 ," 26.114,74 ",Demais serviços,"Administração, defesa, educação e saúde públicas e seguridade social",Indústrias extrativas
2018,5,Centro-oeste,50,MS,Mato Grosso do Sul,5003207,Corumbá,,5001,Pantanais Sul Mato-grossense,50001,Baixo Pantanal,500010,Corumbá,Polo,5003,Corumbá,Polo,5003207,Internacional de Corumbá/Brasil,Média concentração urbana,5003207,Internacional de Corumbá/Brasil,Centro Sub-Regional B,Centro Sub-Regional,5001,Região Rural dos Centros de Zona de Corumbá e Aquidauana,Região Rural de Centro de zona,Não,Não,Não, 305.402 , 460.900 , 1.236.468 , 785.095 , 2.787.865 , 268.027 , 3.055.892 ," 27.578,76 ",Demais serviços,"Administração, defesa, educação e saúde públicas e seguridade social",Comércio e reparação de veículos automotores e motocicletas
2019,5,Centro-oeste,50,MS,Mato Grosso do Sul,5003207,Corumbá,,5001,Pantanais Sul Mato-grossense,50001,Baixo Pantanal,500010,Corumbá,Polo,5003,Corumbá,Polo,5003207,Internacional de Corumbá/Brasil,Média concentração urbana,5003207,Internacional de Corumbá/Brasil,Centro Sub-Regional B,Centro Sub-Regional,5001,Região Rural dos Centros de Zona de Corumbá e Aquidauana,Região Rural de Centro de zona,Não,Não,Não, 297.112 , 397.061 , 1.029.752 , 844.086 , 2.568.012 , 213.434 , 2.781.446 ," 24.960,26 ",Demais serviços,"Administração, defesa, educação e saúde públicas e seguridade social","Pecuária, inclusive apoio à pecuária"
2020,5,Centro-oeste,50,MS,Mato Grosso do Sul,5003207,Corumbá,,5001,Pantanais Sul Mato-grossense,50001,Baixo Pantanal,500010,Corumbá,Polo,5003,Corumbá,Polo,5003207,Internacional de Corumbá/Brasil,Média concentração urbana,5003207,Internacional de Corumbá/Brasil,Centro Sub-Regional B,Centro Sub-Regional,5001,Região Rural dos Centros de Zona de Corumbá e Aquidauana,Região Rural de Centro de zona,Não,Não,Não, 399.679 , 359.602 , 1.025.375 , 872.436 , 2.657.093 , 228.453 , 2.885.546 ," 25.750,46 ","Administração, defesa, educação e saúde públicas e seguridade social",Demais serviços,"Pecuária, inclusive apoio à pecuária"
2021,5,Centro-oeste,50,MS,Mato Grosso do Sul,5003207,Corumbá,,5001,Pantanais Sul Mato-grossense,50001,Baixo Pantanal,500010,Corumbá,Polo,5003,Corumbá,Polo,5003207,Internacional de Corumbá/Brasil,Média concentração urbana,5003207,Internacional de Corumbá/Brasil,Centro Sub-Regional B,Centro Sub-Regional,5001,Região Rural dos Centros de Zona de Corumbá e Aquidauana,Região Rural de Centro de zona,Não,Não,Não, 552.127 , 899.685 , 1.213.963 , 916.277 , 3.582.052 , 325.814 , 3.907.866 ," 34.684,48 ",Demais serviços,"Administração, defesa, educação e saúde públicas e seguridade social",Indústrias extrativas
2010,5,Centro-oeste,51,MT,Mato Grosso,5106109,Nossa Senhora do Livramento,Região Metropolitana do Vale do Rio Cuiabá,5104,Centro-Sul Mato-grossense,51017,Cuiabá,510001,Cuiabá,do Entorno,5101,Cuiabá,do Entorno,,,,,,Centro Local,Centro Local,5103,Região Rural da Capital Regional de Cuiabá,Região Rural de Capital Regional,Sim,Não,Não, 23.492 , 3.071 , 15.727 , 34.730 , 77.020 , 5.854 , 82.874 ," 7.149,21 ","Administração, defesa, educação e saúde públicas e seguridade social","Pecuária, inclusive apoio à pecuária",Demais serviços
2011,5,Centro-oeste,51,MT,Mato Grosso,5106109,Nossa Senhora do Livramento,Região Metropolitana do Vale do Rio Cuiabá,5104,Centro-Sul Mato-grossense,51017,Cuiabá,510001,Cuiabá,do Entorno,5101,Cuiabá,do Entorno,,,,,,Centro Local,Centro Local,5103,Região Rural da Capital Regional de Cuiabá,Região Rural de Capital Regional,Sim,Não,Não, 33.033 , 4.588 , 15.724 , 37.602 , 90.946 , 5.578 , 96.524 ," 8.336,13 ","Administração, defesa, educação e saúde públicas e seguridade social","Pecuária, inclusive apoio à pecuária",Demais serviços
2012,5,Centro-oeste,51,MT,Mato Grosso,5106109,Nossa Senhora do Livramento,Região Metropolitana do Vale do Rio Cuiabá,5104,Centro-Sul Mato-grossense,51017,Cuiabá,510001,Cuiabá,do Entorno,5101,Cuiabá,do Entorno,,,,,,Centro Local,Centro Local,5103,Região Rural da Capital Regional de Cuiabá,Região Rural de Capital Regional,Sim,Não,Não, 31.873 , 7.735 , 15.299 , 41.183 , 96.089 , 5.991 , 102.080 ," 8.838,14 ","Administração, defesa, educação e saúde públicas e seguridade social","Pecuária, inclusive apoio à pecuária",Demais serviços
2013,5,Centro-oeste,51,MT,Mato Grosso,5106109,Nossa Senhora do Livramento,Região Metropolitana do Vale do Rio Cuiabá,5104,Centro-Sul Mato-grossense,51017,Cuiabá,510001,Cuiabá,do Entorno,5101,Cuiabá,do Entorno,,,,,,Centro Local,Centro Local,5103,Região Rural da Capital Regional de Cuiabá,Região Rural de Capital Regional,Sim,Não,Não, 34.146 , 7.971 , 20.759 , 45.901 , 108.778 , 9.162 , 117.940 ," 10.258,34 ","Administração, defesa, educação e saúde públicas e seguridade social",Demais serviços,"Produção florestal, pesca e aquicultura"
2014,5,Centro-oeste,51,MT,Mato Grosso,5106109,Nossa Senhora do Livramento,Região Metropolitana do Vale do Rio Cuiabá,5104,Centro-Sul Mato-grossense,51017,Cuiabá,510001,Cuiabá,do Entorno,5101,Cuiabá,do Entorno,,,,,,Centro Local,Centro Local,5103,Região Rural da Capital Regional de Cuiabá,Região Rural de Capital Regional,Sim,Não,Não, 33.531 , 16.399 , 30.306 , 50.723 , 130.959 , 10.402 , 141.361 ," 12.352,42 ","Administração, defesa, educação e saúde públicas e seguridade social",Demais serviços,"Agricultura, inclusive apoio à agricultura e a pós colheita"
2015,5,Centro-oeste,51,MT,Mato Grosso,5106109,Nossa Senhora do Livramento,Região Metropolitana do Vale do Rio Cuiabá,5104,Centro-Sul Mato-grossense,51017,Cuiabá,510001,Cuiabá,do Entorno,5101,Cuiabá,do Entorno,,,,,,Centro Local,Centro Local,5103,Região Rural da Capital Regional de Cuiabá,Região Rural de Capital Regional,Sim,Não,Não, 39.829 , 13.250 , 37.038 , 56.387 , 146.504 , 11.587 , 158.092 ," 13.876,21 ","Administração, defesa, educação e saúde públicas e seguridade social",Demais serviços,"Pecuária, inclusive apoio à pecuária"
2016,5,Centro-oeste,51,MT,Mato Grosso,5106109,Nossa Senhora do Livramento,Região Metropolitana do Vale do Rio Cuiabá,5104,Centro-Sul Mato-grossense,51017,Cuiabá,510001,Cuiabá,do Entorno,5101,Cuiabá,do Entorno,,,,,,Centro Local,Centro Local,5103,Região Rural da Capital Regional de Cuiabá,Região Rural de Capital Regional,Sim,Não,Não, 50.534 , 20.166 , 54.513 , 70.126 , 195.339 , 18.960 , 214.300 ," 17.119,31 ","Administração, defesa, educação e saúde públicas e seguridade social",Demais serviços,Comércio e reparação de veículos automotores e motocicletas
2017,5,Centro-oeste,51,MT,Mato Grosso,5106109,Nossa Senhora do Livramento,Região Metropolitana do Vale do Rio Cuiabá,5104,Centro-Sul Mato-grossense,51017,Cuiabá,510001,Cuiabá,do Entorno,5101,Cuiabá,do Entorno,,,,,,Centro Local,Centro Local,5103,Região Rural da Capital Regional de Cuiabá,Região Rural de Capital Regional,Sim,Não,Não, 41.686 , 24.248 , 85.662 , 71.901 , 223.496 , 32.739 , 256.235 ," 20.525,06 ","Administração, defesa, educação e saúde públicas e seguridade social",Comércio e reparação de veículos automotores e motocicletas,Demais serviços
2018,5,Centro-oeste,51,MT,Mato Grosso,5106109,Nossa Senhora do Livramento,Região Metropolitana do Vale do Rio Cuiabá,5104,Centro-Sul Mato-grossense,51017,Cuiabá,510001,Cuiabá,do Entorno,5101,Cuiabá,do Entorno,,,,,,Centro Local,Centro Local,5103,Região Rural da Capital Regional de Cuiabá,Região Rural de Capital Regional,Sim,Não,Não, 42.593 , 36.451 , 99.271 , 80.162 , 258.477 , 34.035 , 292.512 ," 22.108,05 ","Administração, defesa, educação e saúde públicas e seguridade social",Comércio e reparação de veículos automotores e motocicletas,Demais serviços
2019,5,Centro-oeste,51,MT,Mato Grosso,5106109,Nossa Senhora do Livramento,Região Metropolitana do Vale do Rio Cuiabá,5104,Centro-Sul Mato-grossense,51017,Cuiabá,510001,Cuiabá,do Entorno,5101,Cuiabá,do Entorno,,,,,,Centro Local,Centro Local,5103,Região Rural da Capital Regional de Cuiabá,Região Rural de Capital Regional,Sim,Não,Não, 37.521 , 63.868 , 89.676 , 79.986 , 271.051 , 29.835 , 300.885 ," 22.766,73 ","Administração, defesa, educação e saúde públicas e seguridade social",Demais serviços,Comércio e reparação de veículos automotores e motocicletas
2020,5,Centro-oeste,51,MT,Mato Grosso,5106109,Nossa Senhora do Livramento,Região Metropolitana do Vale do Rio Cuiabá,5104,Centro-Sul Mato-grossense,51017,Cuiabá,510001,Cuiabá,do Entorno,5101,Cuiabá,do Entorno,,,,,,Centro Local,Centro Local,5103,Região Rural da Capital Regional de Cuiabá,Região Rural de Capital Regional,Sim,Não,Não, 41.960 , 108.144 , 85.620 , 83.425 , 319.149 , 32.314 , 351.464 ," 26.821,10 ","Administração, defesa, educação e saúde públicas e seguridade social",Indústrias extrativas,Demais serviços
2021,5,Centro-oeste,51,MT,Mato Grosso,5106109,Nossa Senhora do Livramento,Região Metropolitana do Vale do Rio Cuiabá,5104,Centro-Sul Mato-grossense,51017,Cuiabá,510001,Cuiabá,do Entorno,5101,Cuiabá,do Entorno,,,,,,Centro Local,Centro Local,5103,Região Rural da Capital Regional de Cuiabá,Região Rural de Capital Regional,Sim,Não,Não, 69.051 , 107.500 , 86.638 , 87.650 , 350.839 , 37.006 , 387.845 ," 29.622,31 ",Indústrias extrativas,"Administração, defesa, educação e saúde públicas e seguridade social",Demais serviços
2010,5,Centro-oeste,50,MS,Mato Grosso do Sul,5005608,Miranda,,5001,Pantanais Sul Mato-grossense,50002,Aquidauana,500012,Aquidauana - Anastácio,do Entorno,5003,Corumbá,do Entorno,,,,,,Centro Local,Centro Local,5001,Região Rural dos Centros de Zona de Corumbá e Aquidauana,Região Rural de Centro de zona,Não,Não,Não, 53.190 , 15.912 , 89.577 , 84.332 , 243.011 , 30.216 , 273.227 ," 10.666,68 ","Administração, defesa, educação e saúde públicas e seguridade social",Demais serviços,"Pecuária, inclusive apoio à pecuária"
2011,5,Centro-oeste,50,MS,Mato Grosso do Sul,5005608,Miranda,,5001,Pantanais Sul Mato-grossense,50002,Aquidauana,500012,Aquidauana - Anastácio,do Entorno,5003,Corumbá,do Entorno,,,,,,Centro Local,Centro Local,5001,Região Rural dos Centros de Zona de Corumbá e Aquidauana,Região Rural de Centro de zona,Não,Não,Não, 54.530 , 17.864 , 98.040 , 94.666 , 265.100 , 28.611 , 293.711 ," 11.386,80 ","Administração, defesa, educação e saúde públicas e seguridade social",Demais serviços,"Pecuária, inclusive apoio à pecuária"
2012,5,Centro-oeste,50,MS,Mato Grosso do Sul,5005608,Miranda,,5001,Pantanais Sul Mato-grossense,50002,Aquidauana,500012,Aquidauana - Anastácio,do Entorno,5003,Corumbá,do Entorno,,,,,,Centro Local,Centro Local,5001,Região Rural dos Centros de Zona de Corumbá e Aquidauana,Região Rural de Centro de zona,Não,Não,Não, 54.036 , 20.793 , 113.088 , 104.757 , 292.674 , 30.603 , 323.277 ," 12.440,42 ","Administração, defesa, educação e saúde públicas e seguridade social",Demais serviços,"Pecuária, inclusive apoio à pecuária"
2013,5,Centro-oeste,50,MS,Mato Grosso do Sul,5005608,Miranda,,5001,Pantanais Sul Mato-grossense,50002,Aquidauana,500012,Aquidauana - Anastácio,do Entorno,5003,Corumbá,do Entorno,,,,,,Centro Local,Centro Local,5001,Região Rural dos Centros de Zona de Corumbá e Aquidauana,Região Rural de Centro de zona,Não,Não,Não, 59.133 , 23.564 , 129.877 , 116.215 , 328.789 , 33.060 , 361.849 ," 13.567,64 ","Administração, defesa, educação e saúde públicas e seguridade social",Demais serviços,"Pecuária, inclusive apoio à pecuária"
2014,5,Centro-oeste,50,MS,Mato Grosso do Sul,5005608,Miranda,,5001,Pantanais Sul Mato-grossense,50002,Aquidauana,500012,Aquidauana - Anastácio,do Entorno,5003,Corumbá,do Entorno,,,,,,Centro Local,Centro Local,5001,Região Rural dos Centros de Zona de Corumbá e Aquidauana,Região Rural de Centro de zona,Não,Não,Não, 68.541 , 28.141 , 146.290 , 121.504 , 364.475 , 34.843 , 399.319 ," 14.850,08 ","Administração, defesa, educação e saúde públicas e seguridade social",Demais serviços,"Pecuária, inclusive apoio à pecuária"
2015,5,Centro-oeste,50,MS,Mato Grosso do Sul,5005608,Miranda,,5001,Pantanais Sul Mato-grossense,50002,Aquidauana,500012,Aquidauana - Anastácio,do Entorno,5003,Corumbá,do Entorno,,,,,,Centro Local,Centro Local,5001,Região Rural dos Centros de Zona de Corumbá e Aquidauana,Região Rural de Centro de zona,Não,Não,Não, 85.564 , 28.717 , 145.066 , 133.777 , 393.124 , 38.359 , 431.483 ," 15.919,54 ","Administração, defesa, educação e saúde públicas e seguridade social",Demais serviços,"Pecuária, inclusive apoio à pecuária"
2016,5,Centro-oeste,50,MS,Mato Grosso do Sul,5005608,Miranda,,5001,Pantanais Sul Mato-grossense,50002,Aquidauana,500012,Aquidauana - Anastácio,do Entorno,5003,Corumbá,do Entorno,,,,,,Centro Local,Centro Local,5001,Região Rural dos Centros de Zona de Corumbá e Aquidauana,Região Rural de Centro de zona,Não,Não,Não, 101.861 , 27.572 , 153.421 , 142.614 , 425.468 , 37.514 , 462.982 ," 16.949,12 ","Administração, defesa, educação e saúde públicas e seguridade social",Demais serviços,"Pecuária, inclusive apoio à pecuária"
2017,5,Centro-oeste,50,MS,Mato Grosso do Sul,5005608,Miranda,,5001,Pantanais Sul Mato-grossense,50002,Aquidauana,500012,Aquidauana - Anastácio,do Entorno,5003,Corumbá,do Entorno,,,,,,Centro Local,Centro Local,5001,Região Rural dos Centros de Zona de Corumbá e Aquidauana,Região Rural de Centro de zona,Não,Não,Não, 95.736 , 27.419 , 179.235 , 157.368 , 459.758 , 41.122 , 500.881 ," 18.197,30 ","Administração, defesa, educação e saúde públicas e seguridade social",Demais serviços,"Pecuária, inclusive apoio à pecuária"
2018,5,Centro-oeste,50,MS,Mato Grosso do Sul,5005608,Miranda,,5001,Pantanais Sul Mato-grossense,50002,Aquidauana,500012,Aquidauana - Anastácio,do Entorno,5003,Corumbá,do Entorno,,,,,,Centro Local,Centro Local,5001,Região Rural dos Centros de Zona de Corumbá e Aquidauana,Região Rural de Centro de zona,Não,Não,Não, 93.978 , 29.370 , 170.947 , 164.665 , 458.959 , 41.811 , 500.770 ," 18.016,54 ","Administração, defesa, educação e saúde públicas e seguridade social",Demais serviços,"Pecuária, inclusive apoio à pecuária"
2019,5,Centro-oeste,50,MS,Mato Grosso do Sul,5005608,Miranda,,5001,Pantanais Sul Mato-grossense,50002,Aquidauana,500012,Aquidauana - Anastácio,do Entorno,5003,Corumbá,do Entorno,,,,,,Centro Local,Centro Local,5001,Região Rural dos Centros de Zona de Corumbá e Aquidauana,Região Rural de Centro de zona,Não,Não,Não, 79.575 , 33.131 , 177.601 , 182.975 , 473.282 , 42.309 , 515.590 ," 18.405,39 ","Administração, defesa, educação e saúde públicas e seguridade social",Demais serviços,"Pecuária, inclusive apoio à pecuária"
2020,5,Centro-oeste,50,MS,Mato Grosso do Sul,5005608,Miranda,,5001,Pantanais Sul Mato-grossense,50002,Aquidauana,500012,Aquidauana - Anastácio,do Entorno,5003,Corumbá,do Entorno,,,,,,Centro Local,Centro Local,5001,Região Rural dos Centros de Zona de Corumbá e Aquidauana,Região Rural de Centro de zona,Não,Não,Não, 114.707 , 31.702 , 179.172 , 190.738 , 516.319 , 44.705 , 561.024 ," 19.880,37 ","Administração, defesa, educação e saúde públicas e seguridade social",Demais serviços,"Pecuária, inclusive apoio à pecuária"
2021,5,Centro-oeste,50,MS,Mato Grosso do Sul,5005608,Miranda,,5001,Pantanais Sul Mato-grossense,50002,Aquidauana,500012,Aquidauana - Anastácio,do Entorno,5003,Corumbá,do Entorno,,,,,,Centro Local,Centro Local,5001,Região Rural dos Centros de Zona de Corumbá e Aquidauana,Região Rural de Centro de zona,Não,Não,Não, 147.166 , 54.701 , 208.614 , 198.741 , 609.222 , 51.954 , 661.176 ," 23.261,99 ","Administração, defesa, educação e saúde públicas e seguridade social",Demais serviços,"Pecuária, inclusive apoio à pecuária"
2010,5,Centro-oeste,51,MT,Mato Grosso,5101605,Barão de Melgaço,Entorno Metropolitano da RM Vale do Rio Cuiabá,5104,Centro-Sul Mato-grossense,51018,Alto Pantanal,510001,Cuiabá,do Entorno,5101,Cuiabá,do Entorno,,,,,,Centro Local,Centro Local,5001,Região Rural dos Centros de Zona de Corumbá e Aquidauana,Região Rural de Centro de zona,Sim,Não,Não, 18.651 , 1.162 , 9.049 , 21.424 , 50.287 , 2.688 , 52.974 ," 6.978,58 ","Administração, defesa, educação e saúde públicas e seguridade social","Pecuária, inclusive apoio à pecuária",Demais serviços
2011,5,Centro-oeste,51,MT,Mato Grosso,5101605,Barão de Melgaço,Entorno Metropolitano da RM Vale do Rio Cuiabá,5104,Centro-Sul Mato-grossense,51018,Alto Pantanal,510001,Cuiabá,do Entorno,5101,Cuiabá,do Entorno,,,,,,Centro Local,Centro Local,5001,Região Rural dos Centros de Zona de Corumbá e Aquidauana,Região Rural de Centro de zona,Sim,Não,Não, 24.177 , 1.203 , 8.923 , 23.580 , 57.885 , 2.239 , 60.123 ," 7.926,60 ","Administração, defesa, educação e saúde públicas e seguridade social","Pecuária, inclusive apoio à pecuária",Demais serviços
2012,5,Centro-oeste,51,MT,Mato Grosso,5101605,Barão de Melgaço,Entorno Metropolitano da RM Vale do Rio Cuiabá,5104,Centro-Sul Mato-grossense,51018,Alto Pantanal,510001,Cuiabá,do Entorno,5101,Cuiabá,do Entorno,,,,,,Centro Local,Centro Local,5001,Região Rural dos Centros de Zona de Corumbá e Aquidauana,Região Rural de Centro de zona,Sim,Não,Não, 22.429 , 1.035 , 9.917 , 25.841 , 59.222 , 2.892 , 62.114 ," 8.196,65 ","Administração, defesa, educação e saúde públicas e seguridade social","Pecuária, inclusive apoio à pecuária",Demais serviços
2013,5,Centro-oeste,51,MT,Mato Grosso,5101605,Barão de Melgaço,Entorno Metropolitano da RM Vale do Rio Cuiabá,5104,Centro-Sul Mato-grossense,51018,Alto Pantanal,510001,Cuiabá,do Entorno,5101,Cuiabá,do Entorno,,,,,,Centro Local,Centro Local,5001,Região Rural dos Centros de Zona de Corumbá e Aquidauana,Região Rural de Centro de zona,Sim,Não,Não, 21.120 , 984 , 10.088 , 29.587 , 61.779 , 3.016 , 64.794 ," 8.565,02 ","Administração, defesa, educação e saúde públicas e seguridade social","Pecuária, inclusive apoio à pecuária",Demais serviços
2014,5,Centro-oeste,51,MT,Mato Grosso,5101605,Barão de Melgaço,Entorno Metropolitano da RM Vale do Rio Cuiabá,5104,Centro-Sul Mato-grossense,51018,Alto Pantanal,510001,Cuiabá,do Entorno,5101,Cuiabá,do Entorno,,,,,,Centro Local,Centro Local,5001,Região Rural dos Centros de Zona de Corumbá e Aquidauana,Região Rural de Centro de zona,Sim,Não,Não, 22.194 , 1.181 , 11.497 , 32.028 , 66.899 , 2.669 , 69.568 ," 9.220,37 ","Administração, defesa, educação e saúde públicas e seguridade social","Pecuária, inclusive apoio à pecuária",Demais serviços
2015,5,Centro-oeste,51,MT,Mato Grosso,5101605,Barão de Melgaço,Entorno Metropolitano da RM Vale do Rio Cuiabá,5104,Centro-Sul Mato-grossense,51018,Alto Pantanal,510001,Cuiabá,do Entorno,5101,Cuiabá,do Entorno,,,,,,Centro Local,Centro Local,5001,Região Rural dos Centros de Zona de Corumbá e Aquidauana,Região Rural de Centro de zona,Sim,Não,Não, 22.140 , 1.420 , 14.946 , 35.106 , 73.611 , 3.308 , 76.919 ," 10.220,49 ","Administração, defesa, educação e saúde públicas e seguridade social",Demais serviços,"Pecuária, inclusive apoio à pecuária"
2016,5,Centro-oeste,51,MT,Mato Grosso,5101605,Barão de Melgaço,Entorno Metropolitano da RM Vale do Rio Cuiabá,5104,Centro-Sul Mato-grossense,51018,Alto Pantanal,510001,Cuiabá,do Entorno,5101,Cuiabá,do Entorno,,,,,,Centro Local,Centro Local,5001,Região Rural dos Centros de Zona de Corumbá e Aquidauana,Região Rural de Centro de zona,Sim,Não,Não, 24.207 , 2.009 , 16.223 , 40.995 , 83.434 , 3.752 , 87.186 ," 11.055,81 ","Administração, defesa, educação e saúde públicas e seguridade social","Pecuária, inclusive apoio à pecuária",Demais serviços
2017,5,Centro-oeste,51,MT,Mato Grosso,5101605,Barão de Melgaço,Entorno Metropolitano da RM Vale do Rio Cuiabá,5104,Centro-Sul Mato-grossense,51018,Alto Pantanal,510001,Cuiabá,do Entorno,5101,Cuiabá,do Entorno,,,,,,Centro Local,Centro Local,5001,Região Rural dos Centros de Zona de Corumbá e Aquidauana,Região Rural de Centro de zona,Sim,Não,Não, 19.865 , 2.629 , 15.694 , 42.603 , 80.791 , 4.025 , 84.816 ," 10.774,44 ","Administração, defesa, educação e saúde públicas e seguridade social",Demais serviços,"Pecuária, inclusive apoio à pecuária"
2018,5,Centro-oeste,51,MT,Mato Grosso,5101605,Barão de Melgaço,Entorno Metropolitano da RM Vale do Rio Cuiabá,5104,Centro-Sul Mato-grossense,51018,Alto Pantanal,510001,Cuiabá,do Entorno,5101,Cuiabá,do Entorno,,,,,,Centro Local,Centro Local,5001,Região Rural dos Centros de Zona de Corumbá e Aquidauana,Região Rural de Centro de zona,Sim,Não,Não, 19.491 , 2.808 , 16.320 , 49.032 , 87.650 , 3.842 , 91.492 ," 10.684,53 ","Administração, defesa, educação e saúde públicas e seguridade social",Demais serviços,"Pecuária, inclusive apoio à pecuária"
2019,5,Centro-oeste,51,MT,Mato Grosso,5101605,Barão de Melgaço,Entorno Metropolitano da RM Vale do Rio Cuiabá,5104,Centro-Sul Mato-grossense,51018,Alto Pantanal,510001,Cuiabá,do Entorno,5101,Cuiabá,do Entorno,,,,,,Centro Local,Centro Local,5001,Região Rural dos Centros de Zona de Corumbá e Aquidauana,Região Rural de Centro de zona,Sim,Não,Não, 20.108 , 2.508 , 16.041 , 50.124 , 88.781 , 3.888 , 92.669 ," 10.820,79 ","Administração, defesa, educação e saúde públicas e seguridade social",Demais serviços,"Pecuária, inclusive apoio à pecuária"
2020,5,Centro-oeste,51,MT,Mato Grosso,5101605,Barão de Melgaço,Entorno Metropolitano da RM Vale do Rio Cuiabá,5104,Centro-Sul Mato-grossense,51018,Alto Pantanal,510001,Cuiabá,do Entorno,5101,Cuiabá,do Entorno,,,,,,Centro Local,Centro Local,5001,Região Rural dos Centros de Zona de Corumbá e Aquidauana,Região Rural de Centro de zona,Sim,Não,Não, 26.813 , 2.873 , 17.013 , 52.890 , 99.588 , 4.566 , 104.155 ," 12.757,78 ","Administração, defesa, educação e saúde públicas e seguridade social","Pecuária, inclusive apoio à pecuária",Demais serviços
2021,5,Centro-oeste,51,MT,Mato Grosso,5101605,Barão de Melgaço,Entorno Metropolitano da RM Vale do Rio Cuiabá,5104,Centro-Sul Mato-grossense,51018,Alto Pantanal,510001,Cuiabá,do Entorno,5101,Cuiabá,do Entorno,,,,,,Centro Local,Centro Local,5001,Região Rural dos Centros de Zona de Corumbá e Aquidauana,Região Rural de Centro de zona,Sim,Não,Não, 43.827 , 3.099 , 17.846 , 55.088 , 119.860 , 4.760 , 124.620 ," 15.262,65 ","Administração, defesa, educação e saúde públicas e seguridade social","Pecuária, inclusive apoio à pecuária",Demais serviços
2010,5,Centro-oeste,51,MT,Mato Grosso,5107800,Santo Antônio do Leverger,Região Metropolitana do Vale do Rio Cuiabá,5104,Centro-Sul Mato-grossense,51017,Cuiabá,510001,Cuiabá,do Entorno,5101,Cuiabá,do Entorno,,,,,,Centro Local,Centro Local,5001,Região Rural dos Centros de Zona de Corumbá e Aquidauana,Região Rural de Centro de zona,Sim,Não,Não, 66.701 , 11.935 , 32.083 , 51.370 , 162.088 , 14.533 , 176.621 ," 9.594,30 ","Administração, defesa, educação e saúde públicas e seguridade social","Pecuária, inclusive apoio à pecuária","Agricultura, inclusive apoio à agricultura e a pós colheita"
2011,5,Centro-oeste,51,MT,Mato Grosso,5107800,Santo Antônio do Leverger,Região Metropolitana do Vale do Rio Cuiabá,5104,Centro-Sul Mato-grossense,51017,Cuiabá,510001,Cuiabá,do Entorno,5101,Cuiabá,do Entorno,,,,,,Centro Local,Centro Local,5001,Região Rural dos Centros de Zona de Corumbá e Aquidauana,Região Rural de Centro de zona,Sim,Não,Não, 114.111 , 18.877 , 42.864 , 57.428 , 233.281 , 15.786 , 249.067 ," 13.321,96 ","Agricultura, inclusive apoio à agricultura e a pós colheita","Administração, defesa, educação e saúde públicas e seguridade social","Pecuária, inclusive apoio à pecuária"
2012,5,Centro-oeste,51,MT,Mato Grosso,5107800,Santo Antônio do Leverger,Região Metropolitana do Vale do Rio Cuiabá,5104,Centro-Sul Mato-grossense,51017,Cuiabá,510001,Cuiabá,do Entorno,5101,Cuiabá,do Entorno,,,,,,Centro Local,Centro Local,5001,Região Rural dos Centros de Zona de Corumbá e Aquidauana,Região Rural de Centro de zona,Sim,Não,Não, 149.523 , 13.607 , 37.820 , 63.486 , 264.436 , 15.126 , 279.561 ," 14.775,18 ","Agricultura, inclusive apoio à agricultura e a pós colheita","Administração, defesa, educação e saúde públicas e seguridade social","Pecuária, inclusive apoio à pecuária"
2013,5,Centro-oeste,51,MT,Mato Grosso,5107800,Santo Antônio do Leverger,Região Metropolitana do Vale do Rio Cuiabá,5104,Centro-Sul Mato-grossense,51017,Cuiabá,510001,Cuiabá,do Entorno,5101,Cuiabá,do Entorno,,,,,,Centro Local,Centro Local,5001,Região Rural dos Centros de Zona de Corumbá e Aquidauana,Região Rural de Centro de zona,Sim,Não,Não, 173.618 , 14.259 , 54.317 , 73.912 , 316.106 , 23.121 , 339.227 ," 17.574,69 ","Agricultura, inclusive apoio à agricultura e a pós colheita","Administração, defesa, educação e saúde públicas e seguridade social",Demais serviços
2014,5,Centro-oeste,51,MT,Mato Grosso,5107800,Santo Antônio do Leverger,Região Metropolitana do Vale do Rio Cuiabá,5104,Centro-Sul Mato-grossense,51017,Cuiabá,510001,Cuiabá,do Entorno,5101,Cuiabá,do Entorno,,,,,,Centro Local,Centro Local,5001,Região Rural dos Centros de Zona de Corumbá e Aquidauana,Região Rural de Centro de zona,Sim,Não,Não, 285.981 , 28.484 , 64.605 , 80.242 , 459.313 , 21.563 , 480.875 ," 25.269,32 ","Agricultura, inclusive apoio à agricultura e a pós colheita","Administração, defesa, educação e saúde públicas e seguridade social",Demais serviços
2015,5,Centro-oeste,51,MT,Mato Grosso,5107800,Santo Antônio do Leverger,Região Metropolitana do Vale do Rio Cuiabá,5104,Centro-Sul Mato-grossense,51017,Cuiabá,510001,Cuiabá,do Entorno,5101,Cuiabá,do Entorno,,,,,,Centro Local,Centro Local,5001,Região Rural dos Centros de Zona de Corumbá e Aquidauana,Região Rural de Centro de zona,Sim,Não,Não, 234.080 , 28.888 , 72.698 , 96.552 , 432.218 , 22.008 , 454.226 ," 23.587,58 ","Agricultura, inclusive apoio à agricultura e a pós colheita","Administração, defesa, educação e saúde públicas e seguridade social",Demais serviços
2016,5,Centro-oeste,51,MT,Mato Grosso,5107800,Santo Antônio do Leverger,Região Metropolitana do Vale do Rio Cuiabá,5104,Centro-Sul Mato-grossense,51017,Cuiabá,510001,Cuiabá,do Entorno,5101,Cuiabá,do Entorno,,,,,,Centro Local,Centro Local,5001,Região Rural dos Centros de Zona de Corumbá e Aquidauana,Região Rural de Centro de zona,Sim,Não,Não, 266.677 , 29.013 , 86.515 , 101.483 , 483.688 , 29.904 , 513.592 ," 28.241,09 ","Agricultura, inclusive apoio à agricultura e a pós colheita","Administração, defesa, educação e saúde públicas e seguridade social",Demais serviços
2017,5,Centro-oeste,51,MT,Mato Grosso,5107800,Santo Antônio do Leverger,Região Metropolitana do Vale do Rio Cuiabá,5104,Centro-Sul Mato-grossense,51017,Cuiabá,510001,Cuiabá,do Entorno,5101,Cuiabá,do Entorno,,,,,,Centro Local,Centro Local,5001,Região Rural dos Centros de Zona de Corumbá e Aquidauana,Região Rural de Centro de zona,Sim,Não,Não, 223.590 , 40.875 , 83.106 , 104.644 , 452.214 , 30.512 , 482.726 ," 26.246,51 ","Agricultura, inclusive apoio à agricultura e a pós colheita","Administração, defesa, educação e saúde públicas e seguridade social",Demais serviços
2018,5,Centro-oeste,51,MT,Mato Grosso,5107800,Santo Antônio do Leverger,Região Metropolitana do Vale do Rio Cuiabá,5104,Centro-Sul Mato-grossense,51017,Cuiabá,510001,Cuiabá,do Entorno,5101,Cuiabá,do Entorno,,,,,,Centro Local,Centro Local,5001,Região Rural dos Centros de Zona de Corumbá e Aquidauana,Região Rural de Centro de zona,Sim,Não,Não, 230.746 , 36.708 , 94.012 , 101.334 , 462.800 , 32.253 , 495.052 ," 30.125,50 ","Agricultura, inclusive apoio à agricultura e a pós colheita","Administração, defesa, educação e saúde públicas e seguridade social",Demais serviços
2019,5,Centro-oeste,51,MT,Mato Grosso,5107800,Santo Antônio do Leverger,Região Metropolitana do Vale do Rio Cuiabá,5104,Centro-Sul Mato-grossense,51017,Cuiabá,510001,Cuiabá,do Entorno,5101,Cuiabá,do Entorno,,,,,,Centro Local,Centro Local,5001,Região Rural dos Centros de Zona de Corumbá e Aquidauana,Região Rural de Centro de zona,Sim,Não,Não, 171.414 , 39.199 , 86.011 , 106.539 , 403.163 , 26.738 , 429.900 ," 25.854,00 ","Agricultura, inclusive apoio à agricultura e a pós colheita","Administração, defesa, educação e saúde públicas e seguridade social",Demais serviços
2020,5,Centro-oeste,51,MT,Mato Grosso,5107800,Santo Antônio do Leverger,Região Metropolitana do Vale do Rio Cuiabá,5104,Centro-Sul Mato-grossense,51017,Cuiabá,510001,Cuiabá,do Entorno,5101,Cuiabá,do Entorno,,,,,,Centro Local,Centro Local,5001,Região Rural dos Centros de Zona de Corumbá e Aquidauana,Região Rural de Centro de zona,Sim,Não,Não, 229.339 , 35.492 , 71.928 , 116.955 , 453.715 , 26.087 , 479.802 ," 28.225,32 ","Agricultura, inclusive apoio à agricultura e a pós colheita","Administração, defesa, educação e saúde públicas e seguridade social",Demais serviços
2021,5,Centro-oeste,51,MT,Mato Grosso,5107800,Santo Antônio do Leverger,Região Metropolitana do Vale do Rio Cuiabá,5104,Centro-Sul Mato-grossense,51017,Cuiabá,510001,Cuiabá,do Entorno,5101,Cuiabá,do Entorno,,,,,,Centro Local,Centro Local,5001,Região Rural dos Centros de Zona de Corumbá e Aquidauana,Região Rural de Centro de zona,Sim,Não,Não, 510.804 , 56.637 , 93.250 , 123.132 , 783.823 , 35.275 , 819.097 ," 47.655,17 ","Agricultura, inclusive apoio à agricultura e a pós colheita","Administração, defesa, educação e saúde públicas e seguridade social","Pecuária, inclusive apoio à pecuária"
2010,5,Centro-oeste,51,MT,Mato Grosso,5106828,Porto Esperidião,,5103,Sudoeste Mato-grossense,51014,Jauru,510006,Mirassol D'oeste,do Entorno,5102,Cáceres,do Entorno,,,,,,Centro Local,Centro Local,5104,Região Rural do Centro Sub-regional de Cáceres,Região Rural de Centro Sub-regional,Sim,Não,Não, 39.086 , 19.037 , 24.836 , 32.964 , 115.923 , 9.773 , 125.697 ," 11.479,13 ","Pecuária, inclusive apoio à pecuária","Administração, defesa, educação e saúde públicas e seguridade social",Demais serviços
2011,5,Centro-oeste,51,MT,Mato Grosso,5106828,Porto Esperidião,,5103,Sudoeste Mato-grossense,51014,Jauru,510006,Mirassol D'oeste,do Entorno,5102,Cáceres,do Entorno,,,,,,Centro Local,Centro Local,5104,Região Rural do Centro Sub-regional de Cáceres,Região Rural de Centro Sub-regional,Sim,Não,Não, 50.504 , 5.825 , 26.738 , 36.882 , 119.948 , 10.570 , 130.518 ," 11.746,75 ","Pecuária, inclusive apoio à pecuária","Administração, defesa, educação e saúde públicas e seguridade social",Demais serviços
2012,5,Centro-oeste,51,MT,Mato Grosso,5106828,Porto Esperidião,,5103,Sudoeste Mato-grossense,51014,Jauru,510006,Mirassol D'oeste,do Entorno,5102,Cáceres,do Entorno,,,,,,Centro Local,Centro Local,5104,Região Rural do Centro Sub-regional de Cáceres,Região Rural de Centro Sub-regional,Sim,Não,Não, 43.950 , 6.911 , 30.295 , 40.394 , 121.549 , 15.707 , 137.257 ," 12.268,19 ","Administração, defesa, educação e saúde públicas e seguridade social","Pecuária, inclusive apoio à pecuária",Demais serviços
2013,5,Centro-oeste,51,MT,Mato Grosso,5106828,Porto Esperidião,,5103,Sudoeste Mato-grossense,51014,Jauru,510006,Mirassol D'oeste,do Entorno,5102,Cáceres,do Entorno,,,,,,Centro Local,Centro Local,5104,Região Rural do Centro Sub-regional de Cáceres,Região Rural de Centro Sub-regional,Sim,Não,Não, 43.043 , 7.631 , 31.666 , 46.500 , 128.840 , 15.738 , 144.578 ," 12.775,29 ","Administração, defesa, educação e saúde públicas e seguridade social","Pecuária, inclusive apoio à pecuária",Demais serviços
2014,5,Centro-oeste,51,MT,Mato Grosso,5106828,Porto Esperidião,,5103,Sudoeste Mato-grossense,51014,Jauru,510006,Mirassol D'oeste,do Entorno,5102,Cáceres,do Entorno,,,,,,Centro Local,Centro Local,5104,Região Rural do Centro Sub-regional de Cáceres,Região Rural de Centro Sub-regional,Sim,Não,Não, 49.219 , 7.569 , 36.150 , 52.415 , 145.353 , 12.036 , 157.389 ," 13.815,72 ","Administração, defesa, educação e saúde públicas e seguridade social","Pecuária, inclusive apoio à pecuária",Demais serviços
2015,5,Centro-oeste,51,MT,Mato Grosso,5106828,Porto Esperidião,,5103,Sudoeste Mato-grossense,51014,Jauru,510006,Mirassol D'oeste,do Entorno,5102,Cáceres,do Entorno,,,,,,Centro Local,Centro Local,5104,Região Rural do Centro Sub-regional de Cáceres,Região Rural de Centro Sub-regional,Sim,Não,Não, 53.209 , 9.710 , 41.983 , 58.382 , 163.284 , 11.656 , 174.940 ," 15.259,91 ","Administração, defesa, educação e saúde públicas e seguridade social","Pecuária, inclusive apoio à pecuária",Demais serviços
2016,5,Centro-oeste,51,MT,Mato Grosso,5106828,Porto Esperidião,,5103,Sudoeste Mato-grossense,51014,Jauru,510006,Mirassol D'oeste,do Entorno,5102,Cáceres,do Entorno,,,,,,Centro Local,Centro Local,5104,Região Rural do Centro Sub-regional de Cáceres,Região Rural de Centro Sub-regional,Sim,Não,Não, 63.640 , 12.968 , 40.678 , 67.633 , 184.919 , 13.169 , 198.088 ," 17.172,76 ","Administração, defesa, educação e saúde públicas e seguridade social","Pecuária, inclusive apoio à pecuária",Demais serviços
2017,5,Centro-oeste,51,MT,Mato Grosso,5106828,Porto Esperidião,,5103,Sudoeste Mato-grossense,51014,Jauru,510006,Mirassol D'oeste,do Entorno,5102,Cáceres,do Entorno,,,,,,Centro Local,Centro Local,5104,Região Rural do Centro Sub-regional de Cáceres,Região Rural de Centro Sub-regional,Sim,Não,Não, 46.405 , 16.572 , 44.031 , 67.972 , 174.980 , 15.929 , 190.909 ," 16.453,38 ","Administração, defesa, educação e saúde públicas e seguridade social","Pecuária, inclusive apoio à pecuária",Demais serviços
2018,5,Centro-oeste,51,MT,Mato Grosso,5106828,Porto Esperidião,,5103,Sudoeste Mato-grossense,51014,Jauru,510006,Mirassol D'oeste,do Entorno,5102,Cáceres,do Entorno,,,,,,Centro Local,Centro Local,5104,Região Rural do Centro Sub-regional de Cáceres,Região Rural de Centro Sub-regional,Sim,Não,Não, 44.957 , 39.966 , 48.961 , 73.549 , 207.433 , 15.567 , 223.000 ," 18.684,53 ","Administração, defesa, educação e saúde públicas e seguridade social","Pecuária, inclusive apoio à pecuária",Demais serviços
2019,5,Centro-oeste,51,MT,Mato Grosso,5106828,Porto Esperidião,,5103,Sudoeste Mato-grossense,51014,Jauru,510006,Mirassol D'oeste,do Entorno,5102,Cáceres,do Entorno,,,,,,Centro Local,Centro Local,5104,Região Rural do Centro Sub-regional de Cáceres,Região Rural de Centro Sub-regional,Sim,Não,Não, 45.516 , 35.008 , 47.739 , 75.280 , 203.544 , 15.155 , 218.698 ," 18.199,08 ","Administração, defesa, educação e saúde públicas e seguridade social","Pecuária, inclusive apoio à pecuária",Demais serviços
2020,5,Centro-oeste,51,MT,Mato Grosso,5106828,Porto Esperidião,,5103,Sudoeste Mato-grossense,51014,Jauru,510006,Mirassol D'oeste,do Entorno,5102,Cáceres,do Entorno,,,,,,Centro Local,Centro Local,5104,Região Rural do Centro Sub-regional de Cáceres,Região Rural de Centro Sub-regional,Sim,Não,Não, 69.025 , 25.060 , 47.402 , 79.221 , 220.708 , 18.359 , 239.067 ," 19.762,48 ","Administração, defesa, educação e saúde públicas e seguridade social","Pecuária, inclusive apoio à pecuária",Demais serviços
2021,5,Centro-oeste,51,MT,Mato Grosso,5106828,Porto Esperidião,,5103,Sudoeste Mato-grossense,51014,Jauru,510006,Mirassol D'oeste,do Entorno,5102,Cáceres,do Entorno,,,,,,Centro Local,Centro Local,5104,Região Rural do Centro Sub-regional de Cáceres,Região Rural de Centro Sub-regional,Sim,Não,Não, 110.153 , 44.633 , 50.791 , 83.134 , 288.711 , 19.912 , 308.624 ," 25.346,89 ","Pecuária, inclusive apoio à pecuária","Administração, defesa, educação e saúde públicas e seguridade social",Demais serviços
2010,5,Centro-oeste,51,MT,Mato Grosso,5105234,Lambari D'Oeste,,5103,Sudoeste Mato-grossense,51014,Jauru,510004,Cáceres,do Entorno,5102,Cáceres,do Entorno,,,,,,Centro Local,Centro Local,5104,Região Rural do Centro Sub-regional de Cáceres,Região Rural de Centro Sub-regional,Sim,Não,Não, 77.028 , 20.329 , 23.715 , 17.532 , 138.604 , 16.163 , 154.767 ," 28.460,19 ","Agricultura, inclusive apoio à agricultura e a pós colheita","Administração, defesa, educação e saúde públicas e seguridade social",Demais serviços
2011,5,Centro-oeste,51,MT,Mato Grosso,5105234,Lambari D'Oeste,,5103,Sudoeste Mato-grossense,51014,Jauru,510004,Cáceres,do Entorno,5102,Cáceres,do Entorno,,,,,,Centro Local,Centro Local,5104,Região Rural do Centro Sub-regional de Cáceres,Região Rural de Centro Sub-regional,Sim,Não,Não, 74.068 , 7.237 , 23.834 , 19.465 , 124.604 , 17.773 , 142.377 ," 25.924,40 ","Agricultura, inclusive apoio à agricultura e a pós colheita","Administração, defesa, educação e saúde públicas e seguridade social",Demais serviços
2012,5,Centro-oeste,51,MT,Mato Grosso,5105234,Lambari D'Oeste,,5103,Sudoeste Mato-grossense,51014,Jauru,510004,Cáceres,do Entorno,5102,Cáceres,do Entorno,,,,,,Centro Local,Centro Local,5104,Região Rural do Centro Sub-regional de Cáceres,Região Rural de Centro Sub-regional,Sim,Não,Não, 78.366 , 13.272 , 21.748 , 21.419 , 134.804 , 17.514 , 152.318 ," 27.444,76 ","Agricultura, inclusive apoio à agricultura e a pós colheita","Administração, defesa, educação e saúde públicas e seguridade social",Demais serviços
2013,5,Centro-oeste,51,MT,Mato Grosso,5105234,Lambari D'Oeste,,5103,Sudoeste Mato-grossense,51014,Jauru,510004,Cáceres,do Entorno,5102,Cáceres,do Entorno,,,,,,Centro Local,Centro Local,5104,Região Rural do Centro Sub-regional de Cáceres,Região Rural de Centro Sub-regional,Sim,Não,Não, 101.890 , 5.206 , 24.074 , 24.195 , 155.365 , 13.129 , 168.494 ," 29.837,80 ","Agricultura, inclusive apoio à agricultura e a pós colheita","Administração, defesa, educação e saúde públicas e seguridade social",Demais serviços
2014,5,Centro-oeste,51,MT,Mato Grosso,5105234,Lambari D'Oeste,,5103,Sudoeste Mato-grossense,51014,Jauru,510004,Cáceres,do Entorno,5102,Cáceres,do Entorno,,,,,,Centro Local,Centro Local,5104,Região Rural do Centro Sub-regional de Cáceres,Região Rural de Centro Sub-regional,Sim,Não,Não, 98.723 , 18.286 , 28.025 , 27.210 , 172.244 , 9.685 , 181.929 ," 31.872,72 ","Agricultura, inclusive apoio à agricultura e a pós colheita","Administração, defesa, educação e saúde públicas e seguridade social",Demais serviços
2015,5,Centro-oeste,51,MT,Mato Grosso,5105234,Lambari D'Oeste,,5103,Sudoeste Mato-grossense,51014,Jauru,510004,Cáceres,do Entorno,5102,Cáceres,do Entorno,,,,,,Centro Local,Centro Local,5104,Região Rural do Centro Sub-regional de Cáceres,Região Rural de Centro Sub-regional,Sim,Não,Não, 100.826 , 29.226 , 29.046 , 30.315 , 189.413 , 7.417 , 196.830 ," 34.130,43 ","Agricultura, inclusive apoio à agricultura e a pós colheita","Administração, defesa, educação e saúde públicas e seguridade social",Indústrias de transformação
2016,5,Centro-oeste,51,MT,Mato Grosso,5105234,Lambari D'Oeste,,5103,Sudoeste Mato-grossense,51014,Jauru,510004,Cáceres,do Entorno,5102,Cáceres,do Entorno,,,,,,Centro Local,Centro Local,5104,Região Rural do Centro Sub-regional de Cáceres,Região Rural de Centro Sub-regional,Sim,Não,Não, 63.745 , 41.036 , 28.701 , 35.026 , 168.508 , 7.189 , 175.697 ," 30.131,54 ","Agricultura, inclusive apoio à agricultura e a pós colheita",Indústrias de transformação,"Administração, defesa, educação e saúde públicas e seguridade social"
2017,5,Centro-oeste,51,MT,Mato Grosso,5105234,Lambari D'Oeste,,5103,Sudoeste Mato-grossense,51014,Jauru,510004,Cáceres,do Entorno,5102,Cáceres,do Entorno,,,,,,Centro Local,Centro Local,5104,Região Rural do Centro Sub-regional de Cáceres,Região Rural de Centro Sub-regional,Sim,Não,Não, 73.276 , 48.536 , 30.728 , 36.752 , 189.293 , 30.139 , 219.432 ," 37.274,01 ","Agricultura, inclusive apoio à agricultura e a pós colheita",Indústrias de transformação,"Administração, defesa, educação e saúde públicas e seguridade social"
2018,5,Centro-oeste,51,MT,Mato Grosso,5105234,Lambari D'Oeste,,5103,Sudoeste Mato-grossense,51014,Jauru,510004,Cáceres,do Entorno,5102,Cáceres,do Entorno,,,,,,Centro Local,Centro Local,5104,Região Rural do Centro Sub-regional de Cáceres,Região Rural de Centro Sub-regional,Sim,Não,Não, 77.696 , 15.854 , 24.022 , 39.060 , 156.631 , 33.237 , 189.868 ," 31.336,59 ","Agricultura, inclusive apoio à agricultura e a pós colheita","Administração, defesa, educação e saúde públicas e seguridade social",Demais serviços
2019,5,Centro-oeste,51,MT,Mato Grosso,5105234,Lambari D'Oeste,,5103,Sudoeste Mato-grossense,51014,Jauru,510004,Cáceres,do Entorno,5102,Cáceres,do Entorno,,,,,,Centro Local,Centro Local,5104,Região Rural do Centro Sub-regional de Cáceres,Região Rural de Centro Sub-regional,Sim,Não,Não, 117.848 , 38.027 , 26.096 , 39.896 , 221.867 , 34.188 , 256.054 ," 41.832,12 ","Agricultura, inclusive apoio à agricultura e a pós colheita","Administração, defesa, educação e saúde públicas e seguridade social",Indústrias de transformação
2020,5,Centro-oeste,51,MT,Mato Grosso,5105234,Lambari D'Oeste,,5103,Sudoeste Mato-grossense,51014,Jauru,510004,Cáceres,do Entorno,5102,Cáceres,do Entorno,,,,,,Centro Local,Centro Local,5104,Região Rural do Centro Sub-regional de Cáceres,Região Rural de Centro Sub-regional,Sim,Não,Não, 102.188 , 42.544 , 24.882 , 41.610 , 211.225 , 13.969 , 225.193 ," 36.403,71 ","Agricultura, inclusive apoio à agricultura e a pós colheita","Administração, defesa, educação e saúde públicas e seguridade social",Indústrias de transformação
2021,5,Centro-oeste,51,MT,Mato Grosso,5105234,Lambari D'Oeste,,5103,Sudoeste Mato-grossense,51014,Jauru,510004,Cáceres,do Entorno,5102,Cáceres,do Entorno,,,,,,Centro Local,Centro Local,5104,Região Rural do Centro Sub-regional de Cáceres,Região Rural de Centro Sub-regional,Sim,Não,Não, 121.377 , 42.855 , 26.347 , 43.765 , 234.345 , 10.634 , 244.980 ," 39.221,83 ","Agricultura, inclusive apoio à agricultura e a pós colheita","Administração, defesa, educação e saúde públicas e seguridade social",Indústrias de transformação
2010,5,Centro-oeste,51,MT,Mato Grosso,5103437,Curvelândia,,5104,Centro-Sul Mato-grossense,51018,Alto Pantanal,510004,Cáceres,do Entorno,5102,Cáceres,do Entorno,,,,,,Centro Local,Centro Local,5104,Região Rural do Centro Sub-regional de Cáceres,Região Rural de Centro Sub-regional,Sim,Não,Não, 11.300 , 3.937 , 9.160 , 14.916 , 39.312 , 2.710 , 42.022 ," 8.579,39 ","Administração, defesa, educação e saúde públicas e seguridade social",Demais serviços,"Agricultura, inclusive apoio à agricultura e a pós colheita"
2011,5,Centro-oeste,51,MT,Mato Grosso,5103437,Curvelândia,,5104,Centro-Sul Mato-grossense,51018,Alto Pantanal,510004,Cáceres,do Entorno,5102,Cáceres,do Entorno,,,,,,Centro Local,Centro Local,5104,Região Rural do Centro Sub-regional de Cáceres,Região Rural de Centro Sub-regional,Sim,Não,Não, 13.303 , 4.253 , 11.033 , 16.336 , 44.925 , 2.965 , 47.890 ," 9.787,54 ","Administração, defesa, educação e saúde públicas e seguridade social",Demais serviços,"Agricultura, inclusive apoio à agricultura e a pós colheita"
2012,5,Centro-oeste,51,MT,Mato Grosso,5103437,Curvelândia,,5104,Centro-Sul Mato-grossense,51018,Alto Pantanal,510004,Cáceres,do Entorno,5102,Cáceres,do Entorno,,,,,,Centro Local,Centro Local,5104,Região Rural do Centro Sub-regional de Cáceres,Região Rural de Centro Sub-regional,Sim,Não,Não, 21.173 , 3.819 , 9.994 , 18.212 , 53.198 , 2.924 , 56.122 ," 11.411,59 ","Administração, defesa, educação e saúde públicas e seguridade social","Agricultura, inclusive apoio à agricultura e a pós colheita",Demais serviços
2013,5,Centro-oeste,51,MT,Mato Grosso,5103437,Curvelândia,,5104,Centro-Sul Mato-grossense,51018,Alto Pantanal,510004,Cáceres,do Entorno,5102,Cáceres,do Entorno,,,,,,Centro Local,Centro Local,5104,Região Rural do Centro Sub-regional de Cáceres,Região Rural de Centro Sub-regional,Sim,Não,Não, 25.205 , 4.951 , 12.207 , 20.858 , 63.220 , 3.855 , 67.076 ," 13.520,60 ","Administração, defesa, educação e saúde públicas e seguridade social","Agricultura, inclusive apoio à agricultura e a pós colheita",Demais serviços
2014,5,Centro-oeste,51,MT,Mato Grosso,5103437,Curvelândia,,5104,Centro-Sul Mato-grossense,51018,Alto Pantanal,510004,Cáceres,do Entorno,5102,Cáceres,do Entorno,,,,,,Centro Local,Centro Local,5104,Região Rural do Centro Sub-regional de Cáceres,Região Rural de Centro Sub-regional,Sim,Não,Não, 25.843 , 9.948 , 14.564 , 23.245 , 73.600 , 3.430 , 77.030 ," 15.455,41 ","Administração, defesa, educação e saúde públicas e seguridade social","Agricultura, inclusive apoio à agricultura e a pós colheita",Demais serviços
2015,5,Centro-oeste,51,MT,Mato Grosso,5103437,Curvelândia,,5104,Centro-Sul Mato-grossense,51018,Alto Pantanal,510004,Cáceres,do Entorno,5102,Cáceres,do Entorno,,,,,,Centro Local,Centro Local,5104,Região Rural do Centro Sub-regional de Cáceres,Região Rural de Centro Sub-regional,Sim,Não,Não, 51.647 , 12.125 , 17.764 , 25.866 , 107.402 , 4.086 , 111.488 ," 22.270,83 ","Agricultura, inclusive apoio à agricultura e a pós colheita","Administração, defesa, educação e saúde públicas e seguridade social",Demais serviços
2016,5,Centro-oeste,51,MT,Mato Grosso,5103437,Curvelândia,,5104,Centro-Sul Mato-grossense,51018,Alto Pantanal,510004,Cáceres,do Entorno,5102,Cáceres,do Entorno,,,,,,Centro Local,Centro Local,5104,Região Rural do Centro Sub-regional de Cáceres,Região Rural de Centro Sub-regional,Sim,Não,Não, 50.204 , 11.998 , 15.139 , 29.662 , 107.004 , 3.796 , 110.800 ," 22.036,68 ","Agricultura, inclusive apoio à agricultura e a pós colheita","Administração, defesa, educação e saúde públicas e seguridade social",Demais serviços
2017,5,Centro-oeste,51,MT,Mato Grosso,5103437,Curvelândia,,5104,Centro-Sul Mato-grossense,51018,Alto Pantanal,510004,Cáceres,do Entorno,5102,Cáceres,do Entorno,,,,,,Centro Local,Centro Local,5104,Região Rural do Centro Sub-regional de Cáceres,Região Rural de Centro Sub-regional,Sim,Não,Não, 43.494 , 10.547 , 16.304 , 29.856 , 100.201 , 4.723 , 104.924 ," 20.781,18 ","Agricultura, inclusive apoio à agricultura e a pós colheita","Administração, defesa, educação e saúde públicas e seguridade social",Demais serviços
2018,5,Centro-oeste,51,MT,Mato Grosso,5103437,Curvelândia,,5104,Centro-Sul Mato-grossense,51018,Alto Pantanal,510004,Cáceres,do Entorno,5102,Cáceres,do Entorno,,,,,,Centro Local,Centro Local,5104,Região Rural do Centro Sub-regional de Cáceres,Região Rural de Centro Sub-regional,Sim,Não,Não, 40.741 , 10.806 , 17.030 , 32.080 , 100.658 , 4.411 , 105.069 ," 20.236,66 ","Agricultura, inclusive apoio à agricultura e a pós colheita","Administração, defesa, educação e saúde públicas e seguridade social",Demais serviços
2019,5,Centro-oeste,51,MT,Mato Grosso,5103437,Curvelândia,,5104,Centro-Sul Mato-grossense,51018,Alto Pantanal,510004,Cáceres,do Entorno,5102,Cáceres,do Entorno,,,,,,Centro Local,Centro Local,5104,Região Rural do Centro Sub-regional de Cáceres,Região Rural de Centro Sub-regional,Sim,Não,Não, 51.334 , 12.682 , 19.559 , 32.263 , 115.839 , 5.658 , 121.497 ," 23.279,82 ","Agricultura, inclusive apoio à agricultura e a pós colheita","Administração, defesa, educação e saúde públicas e seguridade social",Demais serviços
2020,5,Centro-oeste,51,MT,Mato Grosso,5103437,Curvelândia,,5104,Centro-Sul Mato-grossense,51018,Alto Pantanal,510004,Cáceres,do Entorno,5102,Cáceres,do Entorno,,,,,,Centro Local,Centro Local,5104,Região Rural do Centro Sub-regional de Cáceres,Região Rural de Centro Sub-regional,Sim,Não,Não, 44.114 , 9.975 , 20.354 , 33.814 , 108.256 , 7.077 , 115.333 ," 22.005,89 ","Agricultura, inclusive apoio à agricultura e a pós colheita","Administração, defesa, educação e saúde públicas e seguridade social",Demais serviços
2021,5,Centro-oeste,51,MT,Mato Grosso,5103437,Curvelândia,,5104,Centro-Sul Mato-grossense,51018,Alto Pantanal,510004,Cáceres,do Entorno,5102,Cáceres,do Entorno,,,,,,Centro Local,Centro Local,5104,Região Rural do Centro Sub-regional de Cáceres,Região Rural de Centro Sub-regional,Sim,Não,Não, 52.758 , 8.338 , 20.249 , 34.228 , 115.574 , 8.271 , 123.845 ," 23.513,30 ","Agricultura, inclusive apoio à agricultura e a pós colheita","Administração, defesa, educação e saúde públicas e seguridade social",Demais serviços
2010,5,Centro-oeste,51,MT,Mato Grosso,5105200,Juscimeira,,5105,Sudeste Mato-grossense,51021,Rondonópolis,510018,Jaciara,do Entorno,5105,Rondonópolis,do Entorno,,,,,,Centro Local,Centro Local,5102,Região Rural do Centro Sub-regional de Rondonópolis,Região Rural de Centro Sub-regional,Sim,Não,Não, 35.912 , 10.088 , 33.081 , 33.969 , 113.050 , 11.849 , 124.899 ," 10.923,50 ","Administração, defesa, educação e saúde públicas e seguridade social",Demais serviços,"Agricultura, inclusive apoio à agricultura e a pós colheita"
2011,5,Centro-oeste,51,MT,Mato Grosso,5105200,Juscimeira,,5105,Sudeste Mato-grossense,51021,Rondonópolis,510018,Jaciara,do Entorno,5105,Rondonópolis,do Entorno,,,,,,Centro Local,Centro Local,5102,Região Rural do Centro Sub-regional de Rondonópolis,Região Rural de Centro Sub-regional,Sim,Não,Não, 73.076 , 24.444 , 39.316 , 37.593 , 174.430 , 12.800 , 187.230 ," 16.449,66 ","Agricultura, inclusive apoio à agricultura e a pós colheita","Administração, defesa, educação e saúde públicas e seguridade social",Demais serviços
2012,5,Centro-oeste,51,MT,Mato Grosso,5105200,Juscimeira,,5105,Sudeste Mato-grossense,51021,Rondonópolis,510018,Jaciara,do Entorno,5105,Rondonópolis,do Entorno,,,,,,Centro Local,Centro Local,5102,Região Rural do Centro Sub-regional de Rondonópolis,Região Rural de Centro Sub-regional,Sim,Não,Não, 96.276 , 36.958 , 40.112 , 38.990 , 212.337 , 13.767 , 226.104 ," 19.947,45 ","Agricultura, inclusive apoio à agricultura e a pós colheita","Administração, defesa, educação e saúde públicas e seguridade social",Demais serviços
2013,5,Centro-oeste,51,MT,Mato Grosso,5105200,Juscimeira,,5105,Sudeste Mato-grossense,51021,Rondonópolis,510018,Jaciara,do Entorno,5105,Rondonópolis,do Entorno,,,,,,Centro Local,Centro Local,5102,Região Rural do Centro Sub-regional de Rondonópolis,Região Rural de Centro Sub-regional,Sim,Não,Não, 100.648 , 37.626 , 43.904 , 45.933 , 228.111 , 15.151 , 243.262 ," 21.619,45 ","Agricultura, inclusive apoio à agricultura e a pós colheita","Administração, defesa, educação e saúde públicas e seguridade social",Demais serviços
2014,5,Centro-oeste,51,MT,Mato Grosso,5105200,Juscimeira,,5105,Sudeste Mato-grossense,51021,Rondonópolis,510018,Jaciara,do Entorno,5105,Rondonópolis,do Entorno,,,,,,Centro Local,Centro Local,5102,Região Rural do Centro Sub-regional de Rondonópolis,Região Rural de Centro Sub-regional,Sim,Não,Não, 88.518 , 35.320 , 47.763 , 50.575 , 222.176 , 14.463 , 236.639 ," 21.168,19 ","Agricultura, inclusive apoio à agricultura e a pós colheita","Administração, defesa, educação e saúde públicas e seguridade social",Demais serviços
2015,5,Centro-oeste,51,MT,Mato Grosso,5105200,Juscimeira,,5105,Sudeste Mato-grossense,51021,Rondonópolis,510018,Jaciara,do Entorno,5105,Rondonópolis,do Entorno,,,,,,Centro Local,Centro Local,5102,Região Rural do Centro Sub-regional de Rondonópolis,Região Rural de Centro Sub-regional,Sim,Não,Não, 82.315 , 37.510 , 52.536 , 55.960 , 228.321 , 13.184 , 241.505 ," 21.743,51 ","Agricultura, inclusive apoio à agricultura e a pós colheita","Administração, defesa, educação e saúde públicas e seguridade social",Demais serviços
2016,5,Centro-oeste,51,MT,Mato Grosso,5105200,Juscimeira,,5105,Sudeste Mato-grossense,51021,Rondonópolis,510018,Jaciara,do Entorno,5105,Rondonópolis,do Entorno,,,,,,Centro Local,Centro Local,5102,Região Rural do Centro Sub-regional de Rondonópolis,Região Rural de Centro Sub-regional,Sim,Não,Não, 96.812 , 70.209 , 57.907 , 62.453 , 287.382 , 17.085 , 304.467 ," 27.581,05 ","Agricultura, inclusive apoio à agricultura e a pós colheita","Administração, defesa, educação e saúde públicas e seguridade social","Eletricidade e gás, água, esgoto, atividades de gestão de resíduos e descontaminação"
2017,5,Centro-oeste,51,MT,Mato Grosso,5105200,Juscimeira,,5105,Sudeste Mato-grossense,51021,Rondonópolis,510018,Jaciara,do Entorno,5105,Rondonópolis,do Entorno,,,,,,Centro Local,Centro Local,5102,Região Rural do Centro Sub-regional de Rondonópolis,Região Rural de Centro Sub-regional,Sim,Não,Não, 70.346 , 69.804 , 65.376 , 64.987 , 270.513 , 21.600 , 292.113 ," 26.625,96 ","Administração, defesa, educação e saúde públicas e seguridade social","Eletricidade e gás, água, esgoto, atividades de gestão de resíduos e descontaminação","Agricultura, inclusive apoio à agricultura e a pós colheita"
2018,5,Centro-oeste,51,MT,Mato Grosso,5105200,Juscimeira,,5105,Sudeste Mato-grossense,51021,Rondonópolis,510018,Jaciara,do Entorno,5105,Rondonópolis,do Entorno,,,,,,Centro Local,Centro Local,5102,Região Rural do Centro Sub-regional de Rondonópolis,Região Rural de Centro Sub-regional,Sim,Não,Não, 89.705 , 83.055 , 67.736 , 72.655 , 313.151 , 23.074 , 336.225 ," 29.820,36 ","Eletricidade e gás, água, esgoto, atividades de gestão de resíduos e descontaminação","Agricultura, inclusive apoio à agricultura e a pós colheita","Administração, defesa, educação e saúde públicas e seguridade social"
2019,5,Centro-oeste,51,MT,Mato Grosso,5105200,Juscimeira,,5105,Sudeste Mato-grossense,51021,Rondonópolis,510018,Jaciara,do Entorno,5105,Rondonópolis,do Entorno,,,,,,Centro Local,Centro Local,5102,Região Rural do Centro Sub-regional de Rondonópolis,Região Rural de Centro Sub-regional,Sim,Não,Não, 88.421 , 62.758 , 68.919 , 74.263 , 294.361 , 23.022 , 317.383 ," 28.284,73 ","Administração, defesa, educação e saúde públicas e seguridade social","Agricultura, inclusive apoio à agricultura e a pós colheita","Eletricidade e gás, água, esgoto, atividades de gestão de resíduos e descontaminação"
2020,5,Centro-oeste,51,MT,Mato Grosso,5105200,Juscimeira,,5105,Sudeste Mato-grossense,51021,Rondonópolis,510018,Jaciara,do Entorno,5105,Rondonópolis,do Entorno,,,,,,Centro Local,Centro Local,5102,Região Rural do Centro Sub-regional de Rondonópolis,Região Rural de Centro Sub-regional,Sim,Não,Não, 159.141 , 72.410 , 75.241 , 82.160 , 388.953 , 28.383 , 417.336 ," 37.342,16 ","Agricultura, inclusive apoio à agricultura e a pós colheita","Administração, defesa, educação e saúde públicas e seguridade social","Eletricidade e gás, água, esgoto, atividades de gestão de resíduos e descontaminação"
2021,5,Centro-oeste,51,MT,Mato Grosso,5105200,Juscimeira,,5105,Sudeste Mato-grossense,51021,Rondonópolis,510018,Jaciara,do Entorno,5105,Rondonópolis,do Entorno,,,,,,Centro Local,Centro Local,5102,Região Rural do Centro Sub-regional de Rondonópolis,Região Rural de Centro Sub-regional,Sim,Não,Não, 250.163 , 89.159 , 76.358 , 83.781 , 499.461 , 29.202 , 528.664 ," 47.524,61 ","Agricultura, inclusive apoio à agricultura e a pós colheita","Administração, defesa, educação e saúde públicas e seguridade social","Eletricidade e gás, água, esgoto, atividades de gestão de resíduos e descontaminação"
2010,5,Centro-oeste,50,MS,Mato Grosso do Sul,5002159,Bodoquena,,5004,Sudoeste de Mato Grosso do Sul,50009,Bodoquena,500012,Aquidauana - Anastácio,do Entorno,5003,Corumbá,do Entorno,,,,,,Centro Local,Centro Local,5004,Região Rural da Capital Regional de Dourados,Região Rural de Capital Regional,Não,Não,Não, 22.575 , 42.803 , 29.309 , 29.246 , 123.932 , 16.164 , 140.096 ," 17.542,69 ","Administração, defesa, educação e saúde públicas e seguridade social",Indústrias de transformação,Demais serviços
2011,5,Centro-oeste,50,MS,Mato Grosso do Sul,5002159,Bodoquena,,5004,Sudoeste de Mato Grosso do Sul,50009,Bodoquena,500012,Aquidauana - Anastácio,do Entorno,5003,Corumbá,do Entorno,,,,,,Centro Local,Centro Local,5004,Região Rural da Capital Regional de Dourados,Região Rural de Capital Regional,Não,Não,Não, 24.002 , 52.345 , 33.034 , 34.056 , 143.437 , 18.311 , 161.748 ," 20.330,36 ","Administração, defesa, educação e saúde públicas e seguridade social",Indústrias de transformação,Demais serviços
2012,5,Centro-oeste,50,MS,Mato Grosso do Sul,5002159,Bodoquena,,5004,Sudoeste de Mato Grosso do Sul,50009,Bodoquena,500012,Aquidauana - Anastácio,do Entorno,5003,Corumbá,do Entorno,,,,,,Centro Local,Centro Local,5004,Região Rural da Capital Regional de Dourados,Região Rural de Capital Regional,Não,Não,Não, 24.122 , 53.158 , 37.159 , 38.294 , 152.733 , 17.889 , 170.622 ," 21.521,41 ","Administração, defesa, educação e saúde públicas e seguridade social",Indústrias de transformação,Demais serviços
2013,5,Centro-oeste,50,MS,Mato Grosso do Sul,5002159,Bodoquena,,5004,Sudoeste de Mato Grosso do Sul,50009,Bodoquena,500012,Aquidauana - Anastácio,do Entorno,5003,Corumbá,do Entorno,,,,,,Centro Local,Centro Local,5004,Região Rural da Capital Regional de Dourados,Região Rural de Capital Regional,Não,Não,Não, 25.976 , 56.950 , 39.204 , 43.210 , 165.340 , 14.792 , 180.132 ," 22.575,77 ","Administração, defesa, educação e saúde públicas e seguridade social",Indústrias de transformação,Demais serviços
2014,5,Centro-oeste,50,MS,Mato Grosso do Sul,5002159,Bodoquena,,5004,Sudoeste de Mato Grosso do Sul,50009,Bodoquena,500012,Aquidauana - Anastácio,do Entorno,5003,Corumbá,do Entorno,,,,,,Centro Local,Centro Local,5004,Região Rural da Capital Regional de Dourados,Região Rural de Capital Regional,Não,Não,Não, 28.861 , 53.320 , 48.139 , 43.292 , 173.612 , 16.502 , 190.114 ," 23.949,87 ","Administração, defesa, educação e saúde públicas e seguridade social",Demais serviços,Indústrias de transformação
2015,5,Centro-oeste,50,MS,Mato Grosso do Sul,5002159,Bodoquena,,5004,Sudoeste de Mato Grosso do Sul,50009,Bodoquena,500012,Aquidauana - Anastácio,do Entorno,5003,Corumbá,do Entorno,,,,,,Centro Local,Centro Local,5004,Região Rural da Capital Regional de Dourados,Região Rural de Capital Regional,Não,Não,Não, 33.761 , 47.913 , 47.074 , 48.158 , 176.907 , 20.742 , 197.649 ," 25.025,15 ","Administração, defesa, educação e saúde públicas e seguridade social",Demais serviços,"Pecuária, inclusive apoio à pecuária"
2016,5,Centro-oeste,50,MS,Mato Grosso do Sul,5002159,Bodoquena,,5004,Sudoeste de Mato Grosso do Sul,50009,Bodoquena,500012,Aquidauana - Anastácio,do Entorno,5003,Corumbá,do Entorno,,,,,,Centro Local,Centro Local,5004,Região Rural da Capital Regional de Dourados,Região Rural de Capital Regional,Não,Não,Não, 38.065 , 40.896 , 46.316 , 53.117 , 178.394 , 18.118 , 196.512 ," 25.004,75 ","Administração, defesa, educação e saúde públicas e seguridade social",Demais serviços,"Pecuária, inclusive apoio à pecuária"
2017,5,Centro-oeste,50,MS,Mato Grosso do Sul,5002159,Bodoquena,,5004,Sudoeste de Mato Grosso do Sul,50009,Bodoquena,500012,Aquidauana - Anastácio,do Entorno,5003,Corumbá,do Entorno,,,,,,Centro Local,Centro Local,5004,Região Rural da Capital Regional de Dourados,Região Rural de Capital Regional,Não,Não,Não, 34.768 , 42.268 , 52.510 , 60.415 , 189.960 , 19.428 , 209.389 ," 26.776,05 ","Administração, defesa, educação e saúde públicas e seguridade social",Demais serviços,"Pecuária, inclusive apoio à pecuária"
2018,5,Centro-oeste,50,MS,Mato Grosso do Sul,5002159,Bodoquena,,5004,Sudoeste de Mato Grosso do Sul,50009,Bodoquena,500012,Aquidauana - Anastácio,do Entorno,5003,Corumbá,do Entorno,,,,,,Centro Local,Centro Local,5004,Região Rural da Capital Regional de Dourados,Região Rural de Capital Regional,Não,Não,Não, 36.997 , 40.056 , 50.585 , 64.176 , 191.812 , 19.806 , 211.619 ," 27.071,60 ","Administração, defesa, educação e saúde públicas e seguridade social",Demais serviços,"Pecuária, inclusive apoio à pecuária"
2019,5,Centro-oeste,50,MS,Mato Grosso do Sul,5002159,Bodoquena,,5004,Sudoeste de Mato Grosso do Sul,50009,Bodoquena,500012,Aquidauana - Anastácio,do Entorno,5003,Corumbá,do Entorno,,,,,,Centro Local,Centro Local,5004,Região Rural da Capital Regional de Dourados,Região Rural de Capital Regional,Não,Não,Não, 33.031 , 48.168 , 50.531 , 67.449 , 199.179 , 20.962 , 220.141 ," 27.954,42 ","Administração, defesa, educação e saúde públicas e seguridade social",Demais serviços,"Pecuária, inclusive apoio à pecuária"
2020,5,Centro-oeste,50,MS,Mato Grosso do Sul,5002159,Bodoquena,,5004,Sudoeste de Mato Grosso do Sul,50009,Bodoquena,500012,Aquidauana - Anastácio,do Entorno,5003,Corumbá,do Entorno,,,,,,Centro Local,Centro Local,5004,Região Rural da Capital Regional de Dourados,Região Rural de Capital Regional,Não,Não,Não, 56.360 , 60.495 , 57.813 , 65.161 , 239.828 , 25.424 , 265.252 ," 33.841,82 ","Administração, defesa, educação e saúde públicas e seguridade social",Demais serviços,"Pecuária, inclusive apoio à pecuária"
2021,5,Centro-oeste,50,MS,Mato Grosso do Sul,5002159,Bodoquena,,5004,Sudoeste de Mato Grosso do Sul,50009,Bodoquena,500012,Aquidauana - Anastácio,do Entorno,5003,Corumbá,do Entorno,,,,,,Centro Local,Centro Local,5004,Região Rural da Capital Regional de Dourados,Região Rural de Capital Regional,Não,Não,Não, 81.005 , 99.053 , 69.992 , 67.668 , 317.717 , 34.249 , 351.966 ," 45.112,32 ","Administração, defesa, educação e saúde públicas e seguridade social",Demais serviços,"Pecuária, inclusive apoio à pecuária"
2010,5,Centro-oeste,51,MT,Mato Grosso,5105622,Mirassol d'Oeste,,5103,Sudoeste Mato-grossense,51014,Jauru,510006,Mirassol D'oeste,Polo,5102,Cáceres,do Entorno,,,,,,Centro de Zona A,Centro de Zona,5104,Região Rural do Centro Sub-regional de Cáceres,Região Rural de Centro Sub-regional,Sim,Não,Não, 43.984 , 58.350 , 132.603 , 70.498 , 305.435 , 38.576 , 344.011 ," 13.580,63 ",Demais serviços,"Administração, defesa, educação e saúde públicas e seguridade social",Indústrias de transformação
2011,5,Centro-oeste,51,MT,Mato Grosso,5105622,Mirassol d'Oeste,,5103,Sudoeste Mato-grossense,51014,Jauru,510006,Mirassol D'oeste,Polo,5102,Cáceres,do Entorno,,,,,,Centro de Zona A,Centro de Zona,5104,Região Rural do Centro Sub-regional de Cáceres,Região Rural de Centro Sub-regional,Sim,Não,Não, 54.940 , 109.329 , 162.586 , 78.311 , 405.167 , 43.910 , 449.077 ," 17.614,31 ",Demais serviços,"Administração, defesa, educação e saúde públicas e seguridade social",Indústrias de transformação
2012,5,Centro-oeste,51,MT,Mato Grosso,5105622,Mirassol d'Oeste,,5103,Sudoeste Mato-grossense,51014,Jauru,510006,Mirassol D'oeste,Polo,5102,Cáceres,do Entorno,,,,,,Centro de Zona A,Centro de Zona,5104,Região Rural do Centro Sub-regional de Cáceres,Região Rural de Centro Sub-regional,Sim,Não,Não, 56.070 , 83.488 , 174.546 , 86.318 , 400.423 , 53.188 , 453.611 ," 17.661,23 ",Demais serviços,"Administração, defesa, educação e saúde públicas e seguridade social",Comércio e reparação de veículos automotores e motocicletas
2013,5,Centro-oeste,51,MT,Mato Grosso,5105622,Mirassol d'Oeste,,5103,Sudoeste Mato-grossense,51014,Jauru,510006,Mirassol D'oeste,Polo,5102,Cáceres,do Entorno,,,,,,Centro de Zona A,Centro de Zona,5104,Região Rural do Centro Sub-regional de Cáceres,Região Rural de Centro Sub-regional,Sim,Não,Não, 59.917 , 97.935 , 187.463 , 98.588 , 443.904 , 58.867 , 502.771 ," 19.335,85 ",Demais serviços,"Administração, defesa, educação e saúde públicas e seguridade social",Comércio e reparação de veículos automotores e motocicletas
2014,5,Centro-oeste,51,MT,Mato Grosso,5105622,Mirassol d'Oeste,,5103,Sudoeste Mato-grossense,51014,Jauru,510006,Mirassol D'oeste,Polo,5102,Cáceres,do Entorno,,,,,,Centro de Zona A,Centro de Zona,5104,Região Rural do Centro Sub-regional de Cáceres,Região Rural de Centro Sub-regional,Sim,Não,Não, 50.979 , 126.039 , 222.027 , 110.502 , 509.546 , 55.066 , 564.612 ," 21.559,93 ",Demais serviços,"Administração, defesa, educação e saúde públicas e seguridade social",Comércio e reparação de veículos automotores e motocicletas
2015,5,Centro-oeste,51,MT,Mato Grosso,5105622,Mirassol d'Oeste,,5103,Sudoeste Mato-grossense,51014,Jauru,510006,Mirassol D'oeste,Polo,5102,Cáceres,do Entorno,,,,,,Centro de Zona A,Centro de Zona,5104,Região Rural do Centro Sub-regional de Cáceres,Região Rural de Centro Sub-regional,Sim,Não,Não, 56.905 , 117.303 , 240.918 , 122.755 , 537.880 , 50.966 , 588.846 ," 22.330,98 ",Demais serviços,"Administração, defesa, educação e saúde públicas e seguridade social",Comércio e reparação de veículos automotores e motocicletas
2016,5,Centro-oeste,51,MT,Mato Grosso,5105622,Mirassol d'Oeste,,5103,Sudoeste Mato-grossense,51014,Jauru,510006,Mirassol D'oeste,Polo,5102,Cáceres,do Entorno,,,,,,Centro de Zona A,Centro de Zona,5104,Região Rural do Centro Sub-regional de Cáceres,Região Rural de Centro Sub-regional,Sim,Não,Não, 57.565 , 110.915 , 248.519 , 137.993 , 554.992 , 58.680 , 613.672 ," 23.073,85 ",Demais serviços,"Administração, defesa, educação e saúde públicas e seguridade social",Comércio e reparação de veículos automotores e motocicletas
2017,5,Centro-oeste,51,MT,Mato Grosso,5105622,Mirassol d'Oeste,,5103,Sudoeste Mato-grossense,51014,Jauru,510006,Mirassol D'oeste,Polo,5102,Cáceres,do Entorno,,,,,,Centro de Zona A,Centro de Zona,5104,Região Rural do Centro Sub-regional de Cáceres,Região Rural de Centro Sub-regional,Sim,Não,Não, 47.494 , 137.254 , 266.928 , 146.877 , 598.554 , 69.087 , 667.642 ," 24.941,78 ",Demais serviços,"Administração, defesa, educação e saúde públicas e seguridade social",Comércio e reparação de veículos automotores e motocicletas
2018,5,Centro-oeste,51,MT,Mato Grosso,5105622,Mirassol d'Oeste,,5103,Sudoeste Mato-grossense,51014,Jauru,510006,Mirassol D'oeste,Polo,5102,Cáceres,do Entorno,,,,,,Centro de Zona A,Centro de Zona,5104,Região Rural do Centro Sub-regional de Cáceres,Região Rural de Centro Sub-regional,Sim,Não,Não, 47.369 , 195.412 , 276.667 , 159.707 , 679.156 , 66.943 , 746.099 ," 27.095,41 ",Demais serviços,"Administração, defesa, educação e saúde públicas e seguridade social",Indústrias de transformação
2019,5,Centro-oeste,51,MT,Mato Grosso,5105622,Mirassol d'Oeste,,5103,Sudoeste Mato-grossense,51014,Jauru,510006,Mirassol D'oeste,Polo,5102,Cáceres,do Entorno,,,,,,Centro de Zona A,Centro de Zona,5104,Região Rural do Centro Sub-regional de Cáceres,Região Rural de Centro Sub-regional,Sim,Não,Não, 99.633 , 174.056 , 282.919 , 158.977 , 715.585 , 68.561 , 784.147 ," 28.268,75 ",Demais serviços,"Administração, defesa, educação e saúde públicas e seguridade social",Indústrias de transformação
2020,5,Centro-oeste,51,MT,Mato Grosso,5105622,Mirassol d'Oeste,,5103,Sudoeste Mato-grossense,51014,Jauru,510006,Mirassol D'oeste,Polo,5102,Cáceres,do Entorno,,,,,,Centro de Zona A,Centro de Zona,5104,Região Rural do Centro Sub-regional de Cáceres,Região Rural de Centro Sub-regional,Sim,Não,Não, 90.766 , 152.649 , 282.307 , 173.791 , 699.513 , 100.468 , 799.980 ," 28.631,05 ",Demais serviços,"Administração, defesa, educação e saúde públicas e seguridade social",Indústrias de transformação
2021,5,Centro-oeste,51,MT,Mato Grosso,5105622,Mirassol d'Oeste,,5103,Sudoeste Mato-grossense,51014,Jauru,510006,Mirassol D'oeste,Polo,5102,Cáceres,do Entorno,,,,,,Centro de Zona A,Centro de Zona,5104,Região Rural do Centro Sub-regional de Cáceres,Região Rural de Centro Sub-regional,Sim,Não,Não, 114.806 , 134.640 , 291.100 , 186.243 , 726.788 , 108.894 , 835.683 ," 29.702,61 ",Demais serviços,"Administração, defesa, educação e saúde públicas e seguridade social",Comércio e reparação de veículos automotores e motocicletas
2010,5,Centro-oeste,51,MT,Mato Grosso,5103957,Glória D'Oeste,,5103,Sudoeste Mato-grossense,51014,Jauru,510006,Mirassol D'oeste,do Entorno,5102,Cáceres,do Entorno,,,,,,Centro Local,Centro Local,5104,Região Rural do Centro Sub-regional de Cáceres,Região Rural de Centro Sub-regional,Sim,Não,Não, 11.496 , 1.442 , 10.076 , 10.519 , 33.533 , 3.522 , 37.056 ," 11.857,86 ","Administração, defesa, educação e saúde públicas e seguridade social","Pecuária, inclusive apoio à pecuária",Demais serviços
2011,5,Centro-oeste,51,MT,Mato Grosso,5103957,Glória D'Oeste,,5103,Sudoeste Mato-grossense,51014,Jauru,510006,Mirassol D'oeste,do Entorno,5102,Cáceres,do Entorno,,,,,,Centro Local,Centro Local,5104,Região Rural do Centro Sub-regional de Cáceres,Região Rural de Centro Sub-regional,Sim,Não,Não, 14.817 , 1.626 , 11.103 , 11.668 , 39.216 , 3.368 , 42.584 ," 13.657,45 ","Administração, defesa, educação e saúde públicas e seguridade social","Pecuária, inclusive apoio à pecuária",Demais serviços
2012,5,Centro-oeste,51,MT,Mato Grosso,5103957,Glória D'Oeste,,5103,Sudoeste Mato-grossense,51014,Jauru,510006,Mirassol D'oeste,do Entorno,5102,Cáceres,do Entorno,,,,,,Centro Local,Centro Local,5104,Região Rural do Centro Sub-regional de Cáceres,Região Rural de Centro Sub-regional,Sim,Não,Não, 12.852 , 1.888 , 10.231 , 11.875 , 36.845 , 3.438 , 40.284 ," 12.990,61 ","Administração, defesa, educação e saúde públicas e seguridade social","Pecuária, inclusive apoio à pecuária",Demais serviços
2013,5,Centro-oeste,51,MT,Mato Grosso,5103957,Glória D'Oeste,,5103,Sudoeste Mato-grossense,51014,Jauru,510006,Mirassol D'oeste,do Entorno,5102,Cáceres,do Entorno,,,,,,Centro Local,Centro Local,5104,Região Rural do Centro Sub-regional de Cáceres,Região Rural de Centro Sub-regional,Sim,Não,Não, 22.935 , 1.841 , 11.291 , 14.210 , 50.277 , 4.220 , 54.497 ," 17.740,02 ","Administração, defesa, educação e saúde públicas e seguridade social","Agricultura, inclusive apoio à agricultura e a pós colheita","Pecuária, inclusive apoio à pecuária"
2014,5,Centro-oeste,51,MT,Mato Grosso,5103957,Glória D'Oeste,,5103,Sudoeste Mato-grossense,51014,Jauru,510006,Mirassol D'oeste,do Entorno,5102,Cáceres,do Entorno,,,,,,Centro Local,Centro Local,5104,Região Rural do Centro Sub-regional de Cáceres,Região Rural de Centro Sub-regional,Sim,Não,Não, 18.499 , 1.795 , 11.941 , 15.237 , 47.472 , 3.544 , 51.016 ," 16.743,18 ","Administração, defesa, educação e saúde públicas e seguridade social","Agricultura, inclusive apoio à agricultura e a pós colheita","Pecuária, inclusive apoio à pecuária"
2015,5,Centro-oeste,51,MT,Mato Grosso,5103957,Glória D'Oeste,,5103,Sudoeste Mato-grossense,51014,Jauru,510006,Mirassol D'oeste,do Entorno,5102,Cáceres,do Entorno,,,,,,Centro Local,Centro Local,5104,Região Rural do Centro Sub-regional de Cáceres,Região Rural de Centro Sub-regional,Sim,Não,Não, 30.302 , 3.572 , 14.332 , 16.752 , 64.958 , 3.834 , 68.793 ," 22.756,41 ","Agricultura, inclusive apoio à agricultura e a pós colheita","Administração, defesa, educação e saúde públicas e seguridade social",Demais serviços
2016,5,Centro-oeste,51,MT,Mato Grosso,5103957,Glória D'Oeste,,5103,Sudoeste Mato-grossense,51014,Jauru,510006,Mirassol D'oeste,do Entorno,5102,Cáceres,do Entorno,,,,,,Centro Local,Centro Local,5104,Região Rural do Centro Sub-regional de Cáceres,Região Rural de Centro Sub-regional,Sim,Não,Não, 28.434 , 3.808 , 14.743 , 19.472 , 66.456 , 4.367 , 70.824 ," 23.718,54 ","Administração, defesa, educação e saúde públicas e seguridade social","Agricultura, inclusive apoio à agricultura e a pós colheita","Pecuária, inclusive apoio à pecuária"
2017,5,Centro-oeste,51,MT,Mato Grosso,5103957,Glória D'Oeste,,5103,Sudoeste Mato-grossense,51014,Jauru,510006,Mirassol D'oeste,do Entorno,5102,Cáceres,do Entorno,,,,,,Centro Local,Centro Local,5104,Região Rural do Centro Sub-regional de Cáceres,Região Rural de Centro Sub-regional,Sim,Não,Não, 22.888 , 3.144 , 15.756 , 21.269 , 63.057 , 5.066 , 68.123 ," 22.983,48 ","Administração, defesa, educação e saúde públicas e seguridade social","Agricultura, inclusive apoio à agricultura e a pós colheita",Demais serviços
2018,5,Centro-oeste,51,MT,Mato Grosso,5103957,Glória D'Oeste,,5103,Sudoeste Mato-grossense,51014,Jauru,510006,Mirassol D'oeste,do Entorno,5102,Cáceres,do Entorno,,,,,,Centro Local,Centro Local,5104,Região Rural do Centro Sub-regional de Cáceres,Região Rural de Centro Sub-regional,Sim,Não,Não, 26.046 , 3.576 , 13.576 , 22.367 , 65.566 , 4.036 , 69.601 ," 22.857,62 ","Administração, defesa, educação e saúde públicas e seguridade social","Agricultura, inclusive apoio à agricultura e a pós colheita",Demais serviços
2019,5,Centro-oeste,51,MT,Mato Grosso,5103957,Glória D'Oeste,,5103,Sudoeste Mato-grossense,51014,Jauru,510006,Mirassol D'oeste,do Entorno,5102,Cáceres,do Entorno,,,,,,Centro Local,Centro Local,5104,Região Rural do Centro Sub-regional de Cáceres,Região Rural de Centro Sub-regional,Sim,Não,Não, 33.756 , 5.521 , 14.612 , 22.500 , 76.389 , 4.192 , 80.581 ," 26.629,70 ","Agricultura, inclusive apoio à agricultura e a pós colheita","Administração, defesa, educação e saúde públicas e seguridade social",Demais serviços
2020,5,Centro-oeste,51,MT,Mato Grosso,5103957,Glória D'Oeste,,5103,Sudoeste Mato-grossense,51014,Jauru,510006,Mirassol D'oeste,do Entorno,5102,Cáceres,do Entorno,,,,,,Centro Local,Centro Local,5104,Região Rural do Centro Sub-regional de Cáceres,Região Rural de Centro Sub-regional,Sim,Não,Não, 31.983 , 4.046 , 14.226 , 23.863 , 74.118 , 4.663 , 78.781 ," 26.190,60 ","Administração, defesa, educação e saúde públicas e seguridade social","Agricultura, inclusive apoio à agricultura e a pós colheita",Demais serviços
2021,5,Centro-oeste,51,MT,Mato Grosso,5103957,Glória D'Oeste,,5103,Sudoeste Mato-grossense,51014,Jauru,510006,Mirassol D'oeste,do Entorno,5102,Cáceres,do Entorno,,,,,,Centro Local,Centro Local,5104,Região Rural do Centro Sub-regional de Cáceres,Região Rural de Centro Sub-regional,Sim,Não,Não, 44.368 , 3.678 , 13.610 , 22.617 , 84.274 , 4.960 , 89.234 ," 29.844,05 ","Agricultura, inclusive apoio à agricultura e a pós colheita","Administração, defesa, educação e saúde públicas e seguridade social","Pecuária, inclusive apoio à pecuária"
2010,5,Centro-oeste,50,MS,Mato Grosso do Sul,5001102,Aquidauana,,5001,Pantanais Sul Mato-grossense,50002,Aquidauana,500012,Aquidauana - Anastácio,Polo,5003,Corumbá,do Entorno,,,,5001102,Aquidauana - Anastácio/MS,Centro Sub-Regional B,Centro Sub-Regional,5001,Região Rural dos Centros de Zona de Corumbá e Aquidauana,Região Rural de Centro de zona,Não,Não,Não, 109.593 , 44.664 , 184.843 , 143.913 , 483.013 , 49.541 , 532.555 ," 11.672,94 ","Administração, defesa, educação e saúde públicas e seguridade social",Demais serviços,"Pecuária, inclusive apoio à pecuária"
2011,5,Centro-oeste,50,MS,Mato Grosso do Sul,5001102,Aquidauana,,5001,Pantanais Sul Mato-grossense,50002,Aquidauana,500012,Aquidauana - Anastácio,Polo,5003,Corumbá,do Entorno,,,,5001102,Aquidauana - Anastácio/MS,Centro Sub-Regional B,Centro Sub-Regional,5001,Região Rural dos Centros de Zona de Corumbá e Aquidauana,Região Rural de Centro de zona,Não,Não,Não, 109.236 , 53.913 , 189.769 , 158.751 , 511.669 , 48.222 , 559.891 ," 12.229,77 ","Administração, defesa, educação e saúde públicas e seguridade social",Demais serviços,"Pecuária, inclusive apoio à pecuária"
2012,5,Centro-oeste,50,MS,Mato Grosso do Sul,5001102,Aquidauana,,5001,Pantanais Sul Mato-grossense,50002,Aquidauana,500012,Aquidauana - Anastácio,Polo,5003,Corumbá,do Entorno,,,,5001102,Aquidauana - Anastácio/MS,Centro Sub-Regional B,Centro Sub-Regional,5001,Região Rural dos Centros de Zona de Corumbá e Aquidauana,Região Rural de Centro de zona,Não,Não,Não, 103.061 , 59.167 , 205.783 , 174.040 , 542.050 , 50.411 , 592.461 ," 12.895,57 ","Administração, defesa, educação e saúde públicas e seguridade social",Demais serviços,"Pecuária, inclusive apoio à pecuária"
2013,5,Centro-oeste,50,MS,Mato Grosso do Sul,5001102,Aquidauana,,5001,Pantanais Sul Mato-grossense,50002,Aquidauana,500012,Aquidauana - Anastácio,Polo,5003,Corumbá,do Entorno,,,,5001102,Aquidauana - Anastácio/MS,Centro Sub-Regional B,Centro Sub-Regional,5001,Região Rural dos Centros de Zona de Corumbá e Aquidauana,Região Rural de Centro de zona,Não,Não,Não, 109.924 , 55.647 , 249.239 , 194.420 , 609.230 , 59.675 , 668.906 ," 14.283,70 ","Administração, defesa, educação e saúde públicas e seguridade social",Demais serviços,"Pecuária, inclusive apoio à pecuária"
2014,5,Centro-oeste,50,MS,Mato Grosso do Sul,5001102,Aquidauana,,5001,Pantanais Sul Mato-grossense,50002,Aquidauana,500012,Aquidauana - Anastácio,Polo,5003,Corumbá,do Entorno,,,,5001102,Aquidauana - Anastácio/MS,Centro Sub-Regional B,Centro Sub-Regional,5001,Região Rural dos Centros de Zona de Corumbá e Aquidauana,Região Rural de Centro de zona,Não,Não,Não, 127.285 , 64.620 , 294.388 , 213.011 , 699.304 , 65.386 , 764.689 ," 16.270,68 ",Demais serviços,"Administração, defesa, educação e saúde públicas e seguridade social","Pecuária, inclusive apoio à pecuária"
2015,5,Centro-oeste,50,MS,Mato Grosso do Sul,5001102,Aquidauana,,5001,Pantanais Sul Mato-grossense,50002,Aquidauana,500012,Aquidauana - Anastácio,Polo,5003,Corumbá,do Entorno,,,,5001102,Aquidauana - Anastácio/MS,Centro Sub-Regional B,Centro Sub-Regional,5001,Região Rural dos Centros de Zona de Corumbá e Aquidauana,Região Rural de Centro de zona,Não,Não,Não, 142.963 , 69.809 , 302.206 , 225.963 , 740.940 , 67.302 , 808.242 ," 17.137,57 ",Demais serviços,"Administração, defesa, educação e saúde públicas e seguridade social","Pecuária, inclusive apoio à pecuária"
2016,5,Centro-oeste,50,MS,Mato Grosso do Sul,5001102,Aquidauana,,5001,Pantanais Sul Mato-grossense,50002,Aquidauana,500012,Aquidauana - Anastácio,Polo,5003,Corumbá,do Entorno,,,,5001102,Aquidauana - Anastácio/MS,Centro Sub-Regional B,Centro Sub-Regional,5001,Região Rural dos Centros de Zona de Corumbá e Aquidauana,Região Rural de Centro de zona,Não,Não,Não, 153.002 , 91.411 , 316.641 , 249.920 , 810.975 , 67.934 , 878.908 ," 18.572,54 ","Administração, defesa, educação e saúde públicas e seguridade social",Demais serviços,"Pecuária, inclusive apoio à pecuária"
2017,5,Centro-oeste,50,MS,Mato Grosso do Sul,5001102,Aquidauana,,5001,Pantanais Sul Mato-grossense,50002,Aquidauana,500012,Aquidauana - Anastácio,Polo,5003,Corumbá,do Entorno,,,,5001102,Aquidauana - Anastácio/MS,Centro Sub-Regional B,Centro Sub-Regional,5001,Região Rural dos Centros de Zona de Corumbá e Aquidauana,Região Rural de Centro de zona,Não,Não,Não, 136.672 , 76.554 , 356.336 , 273.813 , 843.376 , 74.689 , 918.064 ," 19.335,00 ",Demais serviços,"Administração, defesa, educação e saúde públicas e seguridade social","Pecuária, inclusive apoio à pecuária"
2018,5,Centro-oeste,50,MS,Mato Grosso do Sul,5001102,Aquidauana,,5001,Pantanais Sul Mato-grossense,50002,Aquidauana,500012,Aquidauana - Anastácio,Polo,5003,Corumbá,do Entorno,,,,5001102,Aquidauana - Anastácio/MS,Centro Sub-Regional B,Centro Sub-Regional,5001,Região Rural dos Centros de Zona de Corumbá e Aquidauana,Região Rural de Centro de zona,Não,Não,Não, 130.399 , 70.287 , 367.869 , 285.752 , 854.307 , 72.078 , 926.385 ," 19.386,93 ",Demais serviços,"Administração, defesa, educação e saúde públicas e seguridade social","Pecuária, inclusive apoio à pecuária"
2019,5,Centro-oeste,50,MS,Mato Grosso do Sul,5001102,Aquidauana,,5001,Pantanais Sul Mato-grossense,50002,Aquidauana,500012,Aquidauana - Anastácio,Polo,5003,Corumbá,do Entorno,,,,5001102,Aquidauana - Anastácio/MS,Centro Sub-Regional B,Centro Sub-Regional,5001,Região Rural dos Centros de Zona de Corumbá e Aquidauana,Região Rural de Centro de zona,Não,Não,Não, 125.344 , 76.118 , 366.869 , 310.627 , 878.958 , 81.995 , 960.953 ," 20.073,80 ","Administração, defesa, educação e saúde públicas e seguridade social",Demais serviços,"Pecuária, inclusive apoio à pecuária"
2020,5,Centro-oeste,50,MS,Mato Grosso do Sul,5001102,Aquidauana,,5001,Pantanais Sul Mato-grossense,50002,Aquidauana,500012,Aquidauana - Anastácio,Polo,5003,Corumbá,do Entorno,,,,5001102,Aquidauana - Anastácio/MS,Centro Sub-Regional B,Centro Sub-Regional,5001,Região Rural dos Centros de Zona de Corumbá e Aquidauana,Região Rural de Centro de zona,Não,Não,Não, 159.787 , 85.969 , 389.989 , 307.775 , 943.521 , 91.435 , 1.034.955 ," 21.548,55 ","Administração, defesa, educação e saúde públicas e seguridade social",Demais serviços,"Pecuária, inclusive apoio à pecuária"
2021,5,Centro-oeste,50,MS,Mato Grosso do Sul,5001102,Aquidauana,,5001,Pantanais Sul Mato-grossense,50002,Aquidauana,500012,Aquidauana - Anastácio,Polo,5003,Corumbá,do Entorno,,,,5001102,Aquidauana - Anastácio/MS,Centro Sub-Regional B,Centro Sub-Regional,5001,Região Rural dos Centros de Zona de Corumbá e Aquidauana,Região Rural de Centro de zona,Não,Não,Não, 226.683 , 95.916 , 449.634 , 317.329 , 1.089.562 , 115.415 , 1.204.977 ," 25.007,82 ","Administração, defesa, educação e saúde públicas e seguridade social",Demais serviços,"Pecuária, inclusive apoio à pecuária"
2010,5,Centro-oeste,51,MT,Mato Grosso,5104609,Itiquira,,5105,Sudeste Mato-grossense,51021,Rondonópolis,510016,Rondonópolis,do Entorno,5105,Rondonópolis,do Entorno,,,,,,Centro Local,Centro Local,5102,Região Rural do Centro Sub-regional de Rondonópolis,Região Rural de Centro Sub-regional,Sim,Não,Não, 233.915 , 118.433 , 109.722 , 42.737 , 504.807 , 44.302 , 549.109 ," 47.777,66 ","Agricultura, inclusive apoio à agricultura e a pós colheita","Eletricidade e gás, água, esgoto, atividades de gestão de resíduos e descontaminação",Demais serviços
2011,5,Centro-oeste,51,MT,Mato Grosso,5104609,Itiquira,,5105,Sudeste Mato-grossense,51021,Rondonópolis,510016,Rondonópolis,do Entorno,5105,Rondonópolis,do Entorno,,,,,,Centro Local,Centro Local,5102,Região Rural do Centro Sub-regional de Rondonópolis,Região Rural de Centro Sub-regional,Sim,Não,Não, 302.182 , 182.456 , 213.446 , 50.426 , 748.510 , 58.593 , 807.103 ," 69.261,37 ","Agricultura, inclusive apoio à agricultura e a pós colheita",Comércio e reparação de veículos automotores e motocicletas,Demais serviços
2012,5,Centro-oeste,51,MT,Mato Grosso,5104609,Itiquira,,5105,Sudeste Mato-grossense,51021,Rondonópolis,510016,Rondonópolis,do Entorno,5105,Rondonópolis,do Entorno,,,,,,Centro Local,Centro Local,5102,Região Rural do Centro Sub-regional de Rondonópolis,Região Rural de Centro Sub-regional,Sim,Não,Não, 412.453 , 157.383 , 335.722 , 57.950 , 963.509 , 95.284 , 1.058.793 ," 89.561,24 ","Agricultura, inclusive apoio à agricultura e a pós colheita",Comércio e reparação de veículos automotores e motocicletas,Demais serviços
2013,5,Centro-oeste,51,MT,Mato Grosso,5104609,Itiquira,,5105,Sudeste Mato-grossense,51021,Rondonópolis,510016,Rondonópolis,do Entorno,5105,Rondonópolis,do Entorno,,,,,,Centro Local,Centro Local,5102,Região Rural do Centro Sub-regional de Rondonópolis,Região Rural de Centro Sub-regional,Sim,Não,Não, 437.808 , 140.524 , 263.594 , 55.060 , 896.987 , 93.960 , 990.947 ," 81.835,59 ","Agricultura, inclusive apoio à agricultura e a pós colheita",Comércio e reparação de veículos automotores e motocicletas,Demais serviços
2014,5,Centro-oeste,51,MT,Mato Grosso,5104609,Itiquira,,5105,Sudeste Mato-grossense,51021,Rondonópolis,510016,Rondonópolis,do Entorno,5105,Rondonópolis,do Entorno,,,,,,Centro Local,Centro Local,5102,Região Rural do Centro Sub-regional de Rondonópolis,Região Rural de Centro Sub-regional,Sim,Não,Não, 387.289 , 150.988 , 260.043 , 66.690 , 865.010 , 70.741 , 935.751 ," 76.120,67 ","Agricultura, inclusive apoio à agricultura e a pós colheita",Comércio e reparação de veículos automotores e motocicletas,Demais serviços
2015,5,Centro-oeste,51,MT,Mato Grosso,5104609,Itiquira,,5105,Sudeste Mato-grossense,51021,Rondonópolis,510016,Rondonópolis,do Entorno,5105,Rondonópolis,do Entorno,,,,,,Centro Local,Centro Local,5102,Região Rural do Centro Sub-regional de Rondonópolis,Região Rural de Centro Sub-regional,Sim,Não,Não, 364.647 , 160.510 , 237.098 , 80.378 , 842.633 , 74.794 , 917.427 ," 73.558,90 ","Agricultura, inclusive apoio à agricultura e a pós colheita",Demais serviços,"Eletricidade e gás, água, esgoto, atividades de gestão de resíduos e descontaminação"
2016,5,Centro-oeste,51,MT,Mato Grosso,5104609,Itiquira,,5105,Sudeste Mato-grossense,51021,Rondonópolis,510016,Rondonópolis,do Entorno,5105,Rondonópolis,do Entorno,,,,,,Centro Local,Centro Local,5102,Região Rural do Centro Sub-regional de Rondonópolis,Região Rural de Centro Sub-regional,Sim,Não,Não, 491.284 , 228.918 , 255.494 , 93.960 , 1.069.657 , 80.587 , 1.150.244 ," 91.144,55 ","Agricultura, inclusive apoio à agricultura e a pós colheita","Eletricidade e gás, água, esgoto, atividades de gestão de resíduos e descontaminação",Comércio e reparação de veículos automotores e motocicletas
2017,5,Centro-oeste,51,MT,Mato Grosso,5104609,Itiquira,,5105,Sudeste Mato-grossense,51021,Rondonópolis,510016,Rondonópolis,do Entorno,5105,Rondonópolis,do Entorno,,,,,,Centro Local,Centro Local,5102,Região Rural do Centro Sub-regional de Rondonópolis,Região Rural de Centro Sub-regional,Sim,Não,Não, 357.887 , 328.085 , 229.817 , 97.271 , 1.013.060 , 80.789 , 1.093.849 ," 85.530,49 ","Agricultura, inclusive apoio à agricultura e a pós colheita","Eletricidade e gás, água, esgoto, atividades de gestão de resíduos e descontaminação",Comércio e reparação de veículos automotores e motocicletas
2018,5,Centro-oeste,51,MT,Mato Grosso,5104609,Itiquira,,5105,Sudeste Mato-grossense,51021,Rondonópolis,510016,Rondonópolis,do Entorno,5105,Rondonópolis,do Entorno,,,,,,Centro Local,Centro Local,5102,Região Rural do Centro Sub-regional de Rondonópolis,Região Rural de Centro Sub-regional,Sim,Não,Não, 434.876 , 333.124 , 223.852 , 101.151 , 1.093.003 , 79.092 , 1.172.095 ," 89.044,65 ","Agricultura, inclusive apoio à agricultura e a pós colheita","Eletricidade e gás, água, esgoto, atividades de gestão de resíduos e descontaminação",Demais serviços
2019,5,Centro-oeste,51,MT,Mato Grosso,5104609,Itiquira,,5105,Sudeste Mato-grossense,51021,Rondonópolis,510016,Rondonópolis,do Entorno,5105,Rondonópolis,do Entorno,,,,,,Centro Local,Centro Local,5102,Região Rural do Centro Sub-regional de Rondonópolis,Região Rural de Centro Sub-regional,Sim,Não,Não, 570.821 , 348.782 , 198.115 , 100.306 , 1.218.024 , 74.875 , 1.292.899 ," 96.882,65 ","Agricultura, inclusive apoio à agricultura e a pós colheita","Eletricidade e gás, água, esgoto, atividades de gestão de resíduos e descontaminação",Demais serviços
2020,5,Centro-oeste,51,MT,Mato Grosso,5104609,Itiquira,,5105,Sudeste Mato-grossense,51021,Rondonópolis,510016,Rondonópolis,do Entorno,5105,Rondonópolis,do Entorno,,,,,,Centro Local,Centro Local,5102,Região Rural do Centro Sub-regional de Rondonópolis,Região Rural de Centro Sub-regional,Sim,Não,Não, 726.803 , 385.275 , 198.916 , 111.888 , 1.422.882 , 80.412 , 1.503.295 ," 110.927,88 ","Agricultura, inclusive apoio à agricultura e a pós colheita","Eletricidade e gás, água, esgoto, atividades de gestão de resíduos e descontaminação",Demais serviços
2021,5,Centro-oeste,51,MT,Mato Grosso,5104609,Itiquira,,5105,Sudeste Mato-grossense,51021,Rondonópolis,510016,Rondonópolis,do Entorno,5105,Rondonópolis,do Entorno,,,,,,Centro Local,Centro Local,5102,Região Rural do Centro Sub-regional de Rondonópolis,Região Rural de Centro Sub-regional,Sim,Não,Não, 1.265.968 , 404.168 , 258.708 , 120.697 , 2.049.540 , 95.263 , 2.144.803 ," 156.247,05 ","Agricultura, inclusive apoio à agricultura e a pós colheita","Eletricidade e gás, água, esgoto, atividades de gestão de resíduos e descontaminação",Demais serviços
2010,5,Centro-oeste,50,MS,Mato Grosso do Sul,5005202,Ladário,,5001,Pantanais Sul Mato-grossense,50001,Baixo Pantanal,500010,Corumbá,do Entorno,5003,Corumbá,do Entorno,5003207,Internacional de Corumbá/Brasil,Média concentração urbana,5003207,Internacional de Corumbá/Brasil,Centro Sub-Regional B,Centro Sub-Regional,5001,Região Rural dos Centros de Zona de Corumbá e Aquidauana,Região Rural de Centro de zona,Não,Não,Não, 4.471 , 12.944 , 50.398 , 61.904 , 129.716 , 9.162 , 138.878 ," 7.066,50 ","Administração, defesa, educação e saúde públicas e seguridade social",Demais serviços,Comércio e reparação de veículos automotores e motocicletas
2011,5,Centro-oeste,50,MS,Mato Grosso do Sul,5005202,Ladário,,5001,Pantanais Sul Mato-grossense,50001,Baixo Pantanal,500010,Corumbá,do Entorno,5003,Corumbá,do Entorno,5003207,Internacional de Corumbá/Brasil,Média concentração urbana,5003207,Internacional de Corumbá/Brasil,Centro Sub-Regional B,Centro Sub-Regional,5001,Região Rural dos Centros de Zona de Corumbá e Aquidauana,Região Rural de Centro de zona,Não,Não,Não, 4.303 , 14.314 , 61.676 , 70.268 , 150.562 , 7.752 , 158.314 ," 7.936,32 ","Administração, defesa, educação e saúde públicas e seguridade social",Demais serviços,"Eletricidade e gás, água, esgoto, atividades de gestão de resíduos e descontaminação"
2012,5,Centro-oeste,50,MS,Mato Grosso do Sul,5005202,Ladário,,5001,Pantanais Sul Mato-grossense,50001,Baixo Pantanal,500010,Corumbá,do Entorno,5003,Corumbá,do Entorno,5003207,Internacional de Corumbá/Brasil,Média concentração urbana,5003207,Internacional de Corumbá/Brasil,Centro Sub-Regional B,Centro Sub-Regional,5001,Região Rural dos Centros de Zona de Corumbá e Aquidauana,Região Rural de Centro de zona,Não,Não,Não, 4.562 , 20.161 , 66.482 , 78.749 , 169.953 , 9.204 , 179.157 ," 8.839,82 ","Administração, defesa, educação e saúde públicas e seguridade social",Demais serviços,"Eletricidade e gás, água, esgoto, atividades de gestão de resíduos e descontaminação"
2013,5,Centro-oeste,50,MS,Mato Grosso do Sul,5005202,Ladário,,5001,Pantanais Sul Mato-grossense,50001,Baixo Pantanal,500010,Corumbá,do Entorno,5003,Corumbá,do Entorno,5003207,Internacional de Corumbá/Brasil,Média concentração urbana,5003207,Internacional de Corumbá/Brasil,Centro Sub-Regional B,Centro Sub-Regional,5001,Região Rural dos Centros de Zona de Corumbá e Aquidauana,Região Rural de Centro de zona,Não,Não,Não, 4.871 , 19.840 , 91.257 , 91.475 , 207.443 , 9.796 , 217.239 ," 10.292,75 ","Administração, defesa, educação e saúde públicas e seguridade social",Demais serviços,Indústrias de transformação
2014,5,Centro-oeste,50,MS,Mato Grosso do Sul,5005202,Ladário,,5001,Pantanais Sul Mato-grossense,50001,Baixo Pantanal,500010,Corumbá,do Entorno,5003,Corumbá,do Entorno,5003207,Internacional de Corumbá/Brasil,Média concentração urbana,5003207,Internacional de Corumbá/Brasil,Centro Sub-Regional B,Centro Sub-Regional,5001,Região Rural dos Centros de Zona de Corumbá e Aquidauana,Região Rural de Centro de zona,Não,Não,Não, 5.450 , 21.556 , 180.149 , 94.668 , 301.824 , 14.632 , 316.456 ," 14.727,09 ",Demais serviços,"Administração, defesa, educação e saúde públicas e seguridade social",Construção
2015,5,Centro-oeste,50,MS,Mato Grosso do Sul,5005202,Ladário,,5001,Pantanais Sul Mato-grossense,50001,Baixo Pantanal,500010,Corumbá,do Entorno,5003,Corumbá,do Entorno,5003207,Internacional de Corumbá/Brasil,Média concentração urbana,5003207,Internacional de Corumbá/Brasil,Centro Sub-Regional B,Centro Sub-Regional,5001,Região Rural dos Centros de Zona de Corumbá e Aquidauana,Região Rural de Centro de zona,Não,Não,Não, 5.725 , 25.890 , 132.578 , 105.486 , 269.679 , 11.498 , 281.178 ," 12.862,65 ",Demais serviços,"Administração, defesa, educação e saúde públicas e seguridade social",Construção
2016,5,Centro-oeste,50,MS,Mato Grosso do Sul,5005202,Ladário,,5001,Pantanais Sul Mato-grossense,50001,Baixo Pantanal,500010,Corumbá,do Entorno,5003,Corumbá,do Entorno,5003207,Internacional de Corumbá/Brasil,Média concentração urbana,5003207,Internacional de Corumbá/Brasil,Centro Sub-Regional B,Centro Sub-Regional,5001,Região Rural dos Centros de Zona de Corumbá e Aquidauana,Região Rural de Centro de zona,Não,Não,Não, 6.052 , 21.360 , 119.848 , 118.362 , 265.622 , 11.456 , 277.079 ," 12.465,31 ","Administração, defesa, educação e saúde públicas e seguridade social",Demais serviços,Construção
2017,5,Centro-oeste,50,MS,Mato Grosso do Sul,5005202,Ladário,,5001,Pantanais Sul Mato-grossense,50001,Baixo Pantanal,500010,Corumbá,do Entorno,5003,Corumbá,do Entorno,5003207,Internacional de Corumbá/Brasil,Média concentração urbana,5003207,Internacional de Corumbá/Brasil,Centro Sub-Regional B,Centro Sub-Regional,5001,Região Rural dos Centros de Zona de Corumbá e Aquidauana,Região Rural de Centro de zona,Não,Não,Não, 6.640 , 19.343 , 122.589 , 131.215 , 279.787 , 15.092 , 294.878 ," 13.053,49 ","Administração, defesa, educação e saúde públicas e seguridade social",Demais serviços,"Eletricidade e gás, água, esgoto, atividades de gestão de resíduos e descontaminação"
2018,5,Centro-oeste,50,MS,Mato Grosso do Sul,5005202,Ladário,,5001,Pantanais Sul Mato-grossense,50001,Baixo Pantanal,500010,Corumbá,do Entorno,5003,Corumbá,do Entorno,5003207,Internacional de Corumbá/Brasil,Média concentração urbana,5003207,Internacional de Corumbá/Brasil,Centro Sub-Regional B,Centro Sub-Regional,5001,Região Rural dos Centros de Zona de Corumbá e Aquidauana,Região Rural de Centro de zona,Não,Não,Não, 6.516 , 21.620 , 123.942 , 144.373 , 296.450 , 27.762 , 324.213 ," 14.115,84 ","Administração, defesa, educação e saúde públicas e seguridade social",Demais serviços,Comércio e reparação de veículos automotores e motocicletas
2019,5,Centro-oeste,50,MS,Mato Grosso do Sul,5005202,Ladário,,5001,Pantanais Sul Mato-grossense,50001,Baixo Pantanal,500010,Corumbá,do Entorno,5003,Corumbá,do Entorno,5003207,Internacional de Corumbá/Brasil,Média concentração urbana,5003207,Internacional de Corumbá/Brasil,Centro Sub-Regional B,Centro Sub-Regional,5001,Região Rural dos Centros de Zona de Corumbá e Aquidauana,Região Rural de Centro de zona,Não,Não,Não, 6.381 , 25.198 , 147.814 , 153.138 , 332.531 , 30.760 , 363.292 ," 15.571,19 ","Administração, defesa, educação e saúde públicas e seguridade social",Demais serviços,Comércio e reparação de veículos automotores e motocicletas
2020,5,Centro-oeste,50,MS,Mato Grosso do Sul,5005202,Ladário,,5001,Pantanais Sul Mato-grossense,50001,Baixo Pantanal,500010,Corumbá,do Entorno,5003,Corumbá,do Entorno,5003207,Internacional de Corumbá/Brasil,Média concentração urbana,5003207,Internacional de Corumbá/Brasil,Centro Sub-Regional B,Centro Sub-Regional,5001,Região Rural dos Centros de Zona de Corumbá e Aquidauana,Região Rural de Centro de zona,Não,Não,Não, 8.996 , 17.293 , 112.649 , 160.918 , 299.856 , 27.210 , 327.066 ," 13.806,67 ","Administração, defesa, educação e saúde públicas e seguridade social",Demais serviços,Comércio e reparação de veículos automotores e motocicletas
2021,5,Centro-oeste,50,MS,Mato Grosso do Sul,5005202,Ladário,,5001,Pantanais Sul Mato-grossense,50001,Baixo Pantanal,500010,Corumbá,do Entorno,5003,Corumbá,do Entorno,5003207,Internacional de Corumbá/Brasil,Média concentração urbana,5003207,Internacional de Corumbá/Brasil,Centro Sub-Regional B,Centro Sub-Regional,5001,Região Rural dos Centros de Zona de Corumbá e Aquidauana,Região Rural de Centro de zona,Não,Não,Não, 10.073 , 28.499 , 151.357 , 161.644 , 351.572 , 32.187 , 383.759 ," 15.963,35 ","Administração, defesa, educação e saúde públicas e seguridade social",Demais serviços,Comércio e reparação de veículos automotores e motocicletas
